{"type":"FeatureCollection","features":[{"type":"Feature","id":0,"geometry":{"type":"MultiPolygon","coordinates":[[[[-63.820162272243437,-16.568455537241249],[-63.821899920178005,-16.567904155599884],[-63.830913799264351,-16.564336276180089],[-63.836037944162797,-16.562363298792704],[-63.851364258635996,-16.558127177737557],[-63.872413248324285,-16.556953512028333],[-63.885889799436654,-16.558794847059076],[-63.896860063990871,-16.561456431592138],[-63.906934821378314,-16.56534697021803],[-63.914573052983329,-16.569099638736215],[-63.932130011064416,-16.580463678066984],[-63.946734249812309,-16.594984872303563],[-63.95558783173778,-16.607872071588773],[-63.960736081361055,-16.619412004644904],[-63.96365033294579,-16.627930974004325],[-63.967085038966914,-16.618885590096003],[-63.970128725565324,-16.611016739548788],[-63.978190537950155,-16.598525466951813],[-63.986782658027593,-16.588158033305326],[-63.99964893720098,-16.577482266441727],[-64.013045137565015,-16.569725330148739],[-64.022845150325864,-16.565942128734235],[-64.028326669537492,-16.564196777033292],[-64.038188664190926,-16.5618261934206],[-64.054016327348393,-16.560388515428915],[-64.069969256080881,-16.561616672251048],[-64.085541258234088,-16.565379843200233],[-64.102162360503272,-16.572708422748601],[-64.114897955083521,-16.581439027818192],[-64.128659424689658,-16.595097284287036],[-64.136288597034167,-16.606180751104027],[-64.142579832118884,-16.618505298903443],[-64.146560265545801,-16.63181946564675],[-64.148484293806348,-16.644571621792501],[-64.148252294186676,-16.659821441812255],[-64.146017104093133,-16.672906166613497],[-64.141456163824472,-16.685993555289468],[-64.134904646942744,-16.698424620378528],[-64.127398920817043,-16.708603560402672],[-64.11258350289242,-16.722475927162677],[-64.098532942723025,-16.731460634866675],[-64.107598508515849,-16.74517706774764],[-64.113188765669889,-16.757670688141907],[-64.116151841985754,-16.767578728966349],[-64.118943498972598,-16.786081625559824],[-64.116841172058827,-16.804853887254662],[-64.113535472193036,-16.816092431646975],[-64.110779197820932,-16.827253820717459],[-64.105997455458962,-16.840958183375637],[-64.096846645678767,-16.855673646498104],[-64.089075564572383,-16.86468847306055],[-64.08164117435355,-16.871642263401426],[-64.086707301593052,-16.882748397185811],[-64.090859641047899,-16.895923626106271],[-64.103825043998071,-16.894577618797559],[-64.119289783331027,-16.894797404192907],[-64.1360478567493,-16.898329750738267],[-64.150045536146365,-16.903705023229076],[-64.146173252488737,-16.889503170280328],[-64.143927697135808,-16.873433518181812],[-64.145780313386922,-16.856872381396581],[-64.149644543585083,-16.841993851013722],[-64.156785253864371,-16.826717530168985],[-64.158090235127759,-16.811582182882077],[-64.160700129621958,-16.798932241501184],[-64.165381132269886,-16.786803119968127],[-64.170448045419462,-16.777189541777059],[-64.179189585386325,-16.765332734748814],[-64.191351587075033,-16.753939670747425],[-64.199578974785908,-16.747989306232274],[-64.210044446159969,-16.742191244048698],[-64.219526088137542,-16.7385231934682],[-64.234636677147137,-16.734319486735512],[-64.25685732169336,-16.733039240723542],[-64.2703483780478,-16.734854624732872],[-64.282452706980479,-16.737764106030166],[-64.296433880270527,-16.743817916007828],[-64.306731167794553,-16.749746029227328],[-64.317410956822201,-16.758502721630173],[-64.323237002412569,-16.764267464505551],[-64.33176046016122,-16.775191202290845],[-64.341386690459785,-16.793981742940339],[-64.352128043383715,-16.800665181684497],[-64.358397937234628,-16.805182946986925],[-64.370601755588552,-16.817249730069499],[-64.38384529623265,-16.821680748452223],[-64.392678830424188,-16.825417875801232],[-64.402060155624739,-16.830810076492206],[-64.414403242909771,-16.840266678968966],[-64.425018588965102,-16.852093844810881],[-64.433181540789519,-16.865119464425369],[-64.438725850274011,-16.878371017756972],[-64.454683270250499,-16.892917019880155],[-64.460950932029064,-16.900413235754662],[-64.469358723769133,-16.914819320433331],[-64.474840647929867,-16.930675452706396],[-64.477104637774104,-16.943456428722818],[-64.476830869615995,-16.96390326002604],[-64.485679463932129,-16.956445666167298],[-64.493331968129525,-16.950898982755099],[-64.507478162930127,-16.94337568329826],[-64.523883494825327,-16.938116598482207],[-64.538812462865508,-16.935996535864408],[-64.554081857623373,-16.936180781429446],[-64.565349907603888,-16.937942263270983],[-64.578570450172819,-16.941514787875818],[-64.590830413846234,-16.94619083605868],[-64.603869378494082,-16.953662306362435],[-64.611695976159382,-16.95964167350883],[-64.626229919834898,-16.954724585299211],[-64.635980238554211,-16.952582999650136],[-64.642618575049042,-16.940778715445315],[-64.647158054390857,-16.934215414842214],[-64.656842832198521,-16.923599136377995],[-64.660907843201684,-16.908628874908448],[-64.665369253461535,-16.898467534405309],[-64.668354138578778,-16.892771518100879],[-64.676528913968454,-16.880945716904414],[-64.69230814489913,-16.86609704034986],[-64.701702688473048,-16.860054332921734],[-64.715350730456464,-16.853537363635876],[-64.716082751592197,-16.832729682310436],[-64.717041730889676,-16.826002133925506],[-64.719831774271171,-16.815125096871299],[-64.72536112223105,-16.802516214730126],[-64.731019368463834,-16.793349240756964],[-64.737748326437753,-16.784649857711074],[-64.750791786111222,-16.772362989155226],[-64.763005222300663,-16.764498905882615],[-64.759915864280799,-16.756048482394046],[-64.757440035161295,-16.748913110260307],[-64.755072365344247,-16.737752717481673],[-64.755373999876994,-16.712674842227084],[-64.759054579704525,-16.698308575861109],[-64.763936465703665,-16.686408287474322],[-64.772110795687212,-16.673152585455831],[-64.786072986564776,-16.658357072818308],[-64.797360452830517,-16.650138915807929],[-64.806594656890965,-16.644745564092833],[-64.820572814674847,-16.63888042134775],[-64.839269922393882,-16.634750383756653],[-64.847512586087504,-16.62496190225875],[-64.86013323560708,-16.613052182248634],[-64.870754365875285,-16.605642891741436],[-64.886667366781268,-16.598020281609529],[-64.900923993433892,-16.594002389204391],[-64.918463013009202,-16.592001676599654],[-64.935264220866273,-16.593349937414171],[-64.950492271568024,-16.596961956352217],[-64.962733590340676,-16.602108322839406],[-64.972212796439138,-16.607529178370591],[-64.98110509994055,-16.613902684851844],[-64.991919674572912,-16.624542020421156],[-64.997632045921236,-16.631818575092669],[-65.003235038866208,-16.640714202518069],[-65.009765570422545,-16.655140302333891],[-65.02162657443111,-16.651097469407997],[-65.029397497084517,-16.649190603279454],[-65.035919486307492,-16.647301571069391],[-65.045874476345276,-16.645092084524407],[-65.06061388064002,-16.643461775137798],[-65.07762924270709,-16.645153159616669],[-65.088938821712091,-16.647826647360379],[-65.102523848695768,-16.652979391885033],[-65.115149560069042,-16.656459752365528],[-65.126389675621411,-16.661011707811134],[-65.13635939613512,-16.666700125319338],[-65.143951068112017,-16.671546675312882],[-65.146657133034765,-16.671465486753036],[-65.143944224367331,-16.657068904001473],[-65.142734389619022,-16.643214304227897],[-65.144682837874285,-16.627151241802054],[-65.148152834491711,-16.615108654562423],[-65.153941991285649,-16.601817643395137],[-65.147400413425999,-16.588590345362928],[-65.142521095403708,-16.574601422030174],[-65.139899603777593,-16.556476000812182],[-65.14194284691672,-16.537307725846826],[-65.145624509256479,-16.524528128090022],[-65.150828174651025,-16.512986122762854],[-65.15638173046672,-16.503934757787807],[-65.164613907868883,-16.493877348954381],[-65.171376955506673,-16.487471920728229],[-65.181441593299169,-16.479600983665431],[-65.19582950874657,-16.47187159788955],[-65.212522915317123,-16.466449684900102],[-65.23285393395112,-16.463706325163006],[-65.251573935348645,-16.465555318581554],[-65.267465839109803,-16.470009023032116],[-65.283938524049532,-16.477971628280901],[-65.294344132069483,-16.469347274792938],[-65.298793163641918,-16.466088641360667],[-65.304944499482474,-16.462099696130675],[-65.320287250459202,-16.454706453994273],[-65.336592424308733,-16.450256511360632],[-65.355280889294235,-16.448814764819343],[-65.370498050564336,-16.450517589378315],[-65.381566206096181,-16.453121520275662],[-65.391657577546184,-16.45693826400171],[-65.403484040985575,-16.462646974033532],[-65.409459042457726,-16.463979941253928],[-65.416148669130678,-16.465552366185989],[-65.427595416277285,-16.461623202499215],[-65.438474817723346,-16.458929664009325],[-65.446117948561962,-16.448724650459404],[-65.460047854937372,-16.435491529411788],[-65.473325384889961,-16.42686499513368],[-65.485721127057246,-16.421612701180134],[-65.497749355813895,-16.418004077886099],[-65.512742249875387,-16.416053868944161],[-65.530542108113679,-16.41619067501054],[-65.5405537578322,-16.405877696374425],[-65.548597862215956,-16.3982278646941],[-65.560180110590323,-16.390694832953365],[-65.571132325744131,-16.385399507344076],[-65.584683447775376,-16.380970139911344],[-65.596141021328393,-16.378664010417925],[-65.62052682796795,-16.378841979735114],[-65.634799714322952,-16.381754521568034],[-65.646967694687092,-16.386026053480357],[-65.65731101094002,-16.391005650734709],[-65.675494457804064,-16.39166601975673],[-65.686772734815804,-16.388722018670517],[-65.69822711992758,-16.386410781368358],[-65.723182656848522,-16.386580597132891],[-65.740044674627271,-16.390012506061584],[-65.750458626564608,-16.393932619511848],[-65.759751575352666,-16.398400576382173],[-65.77425977141128,-16.395814682589421],[-65.790634563369295,-16.394702344878993],[-65.803890042164809,-16.396392257769257],[-65.815916109460659,-16.399196540297691],[-65.832240261296946,-16.406136738210677],[-65.843461435298565,-16.413259217989204],[-65.85393545846523,-16.407870033570759],[-65.863931996640233,-16.403448834783902],[-65.879429833247528,-16.399576806001939],[-65.894247425954774,-16.397815900950047],[-65.895435287182039,-16.462446780704038],[-65.896627601567531,-16.527077181221568],[-65.897824376819969,-16.591707100829488],[-65.899025620685407,-16.65633653785595],[-65.895086247416799,-16.658905775911499],[-65.881771290240991,-16.6645747131866],[-65.867351593122592,-16.668175894102106],[-65.854682215526267,-16.673972245439963],[-65.839679761966067,-16.678274512459886],[-65.826342554684942,-16.687257276095878],[-65.818168953893561,-16.691872093285546],[-65.805983579830738,-16.696425373521727],[-65.816122457211165,-16.703152002404959],[-65.823936107352907,-16.709293602339415],[-65.830314355105273,-16.715511940790407],[-65.838957954497346,-16.726419821757887],[-65.847124684401109,-16.742066251901409],[-65.850020891975873,-16.750263503177031],[-65.852461885592433,-16.759342232731818],[-65.853982142679797,-16.777043786336456],[-65.852256356742188,-16.791727464024309],[-65.849583358404388,-16.802411000753118],[-65.844770556903143,-16.814328698311485],[-65.837100273727245,-16.826914853642684],[-65.828482943365486,-16.837502554628639],[-65.817047369451544,-16.847158554140311],[-65.808025270348267,-16.853033308531344],[-65.793890840874937,-16.859876685425718],[-65.779478312790232,-16.864003288876759],[-65.763822119641006,-16.865691793797264],[-65.751902019564156,-16.865618056238819],[-65.736484499633747,-16.863099760982738],[-65.72124484669763,-16.858302462858191],[-65.714591307573528,-16.861715404515667],[-65.710286337994148,-16.863797336066469],[-65.713857995306213,-16.873411406404138],[-65.71789712418591,-16.888460108572488],[-65.727125666266332,-16.886818000609463],[-65.736507469087343,-16.885586965256689],[-65.750168726267233,-16.885672337563612],[-65.762584264426863,-16.887539541721704],[-65.7752912555964,-16.891054818104525],[-65.792427374857056,-16.899260742835864],[-65.803289562547064,-16.906963788597437],[-65.814587694813383,-16.917965214095638],[-65.82224316551401,-16.928043808248297],[-65.829475334102071,-16.941882222110376],[-65.832835771593679,-16.951380769090463],[-65.835704075440148,-16.964510312398914],[-65.835561300437874,-16.987623632698948],[-65.833647587050308,-16.997326570385049],[-65.828267524700919,-17.013195488115226],[-65.819252888432615,-17.027974343231605],[-65.8117223426717,-17.036861097334409],[-65.792829434246627,-17.054831214681236],[-65.786963517806896,-17.063030789068545],[-65.782766006134651,-17.068512293833784],[-65.768984896706598,-17.081615309114962],[-65.754144871037326,-17.090760340907046],[-65.740485328635643,-17.096157089366987],[-65.726973318270893,-17.10661218600946],[-65.714445490093524,-17.113666733999441],[-65.705673351661147,-17.119138486188366],[-65.691843288067773,-17.125819876140536],[-65.677290980856242,-17.129975928889699],[-65.663986534622893,-17.131717612665277],[-65.644308840089792,-17.131589895575527],[-65.642155751586117,-17.139331149236853],[-65.638545644742777,-17.14994022204144],[-65.632183031305601,-17.162221037385258],[-65.62305860739113,-17.174111900199282],[-65.613538256547258,-17.183145339370338],[-65.601957493463544,-17.191631750669785],[-65.585650425434011,-17.199496988846423],[-65.571206127337305,-17.203612992780684],[-65.555517729378806,-17.205289601287273],[-65.546007770216264,-17.205223498542882],[-65.533138630151186,-17.203581571996626],[-65.519135275812985,-17.199875991686113],[-65.502863042085281,-17.192073749625713],[-65.495351331323818,-17.187314041151129],[-65.483682319375745,-17.177552574137273],[-65.463611296348802,-17.179773481118399],[-65.44795568597479,-17.178427754317262],[-65.432173818816025,-17.174742555497389],[-65.419884390480746,-17.169630395973609],[-65.410364862760503,-17.164235372536687],[-65.400775663334443,-17.157418700276892],[-65.391996988661674,-17.156595348212068],[-65.383546103943431,-17.163921607633714],[-65.377554675226179,-17.168604227189793],[-65.363265809116996,-17.176986903752884],[-65.352404195029365,-17.181569750763121],[-65.336778156421033,-17.186003129774303],[-65.310449449273491,-17.187339787786637],[-65.300252898281656,-17.197786485925658],[-65.29100050992983,-17.205322589593557],[-65.279956761142515,-17.211794008049132],[-65.267296110678402,-17.217129010544134],[-65.252341500048701,-17.220811064178402],[-65.237295221308258,-17.222489630573644],[-65.218499576123293,-17.220648349429386],[-65.202211593976472,-17.216106083807151],[-65.189723975585736,-17.217999224763552],[-65.167269018938157,-17.217801779091808],[-65.154211847536033,-17.215125844648721],[-65.141763322892288,-17.2208368198431],[-65.134809718021302,-17.223761209942808],[-65.120342019821337,-17.227313236572424],[-65.113207824467153,-17.230181933069805],[-65.102974654681233,-17.233071790626543],[-65.088962545170247,-17.235413958398251],[-65.077813783201236,-17.242845849687452],[-65.064980438174743,-17.249627962964553],[-65.060808575564423,-17.252408253244568],[-65.050706255102114,-17.258048986743525],[-65.035590203751241,-17.263621255665829],[-65.016229873160881,-17.273452264250132],[-65.002817391974432,-17.277782947940402],[-64.988209240116447,-17.280216880591848],[-64.98274702927381,-17.287450461182289],[-64.979978022304707,-17.30019294166933],[-64.977638896432566,-17.308266852847449],[-64.972397324319815,-17.321693191446222],[-64.964166229856758,-17.33455060309689],[-64.955293973827509,-17.344914001714784],[-64.94508562546271,-17.353438548971027],[-64.933851263062408,-17.360668954081309],[-64.926438821027546,-17.364211154055209],[-64.916206801551311,-17.36820059241964],[-64.897984324804042,-17.372224372354086],[-64.876968553484758,-17.373447560802493],[-64.863643759209978,-17.371705048333723],[-64.855939800834932,-17.369885444690464],[-64.848860460763703,-17.367631588171832],[-64.838674367225295,-17.363510542751321],[-64.825806873032619,-17.355900965941526],[-64.812225745784346,-17.344472728161183],[-64.798257864449383,-17.352780844715188],[-64.783576225453572,-17.358170014982509],[-64.773633940495031,-17.360591280062764],[-64.759938751377646,-17.361999958678208],[-64.748378109316945,-17.361874860668664],[-64.73504019295234,-17.359809565203854],[-64.726594930179985,-17.361268283695818],[-64.71853413822943,-17.362599812937034],[-64.692721162094045,-17.362314240162842],[-64.682373280033246,-17.362604562032661],[-64.67143266693104,-17.362481920029019],[-64.662489395515976,-17.366052468802863],[-64.653811714921432,-17.36923107124586],[-64.637882177898021,-17.372353745017723],[-64.614732764461621,-17.372088391539521],[-64.597975101607332,-17.368486164299494],[-64.583578302649002,-17.362434382181],[-64.578763637685569,-17.360976036955719],[-64.571372965255506,-17.363470526882928],[-64.564570979489801,-17.365649301502859],[-64.551341130077802,-17.369344080867961],[-64.538188474916325,-17.371210927922224],[-64.52096516117156,-17.371005453182988],[-64.505333931030563,-17.368054109746751],[-64.50039986797448,-17.376565725084234],[-64.49235440172798,-17.388155913935371],[-64.477950909964534,-17.4016504568146],[-64.466424418983721,-17.40902800449285],[-64.45360154285919,-17.415116908203391],[-64.439428608572697,-17.419065683149395],[-64.420867350748395,-17.421493376292638],[-64.403615580275073,-17.419735867025491],[-64.388389768634553,-17.416103276308203],[-64.374082832279271,-17.410073280413542],[-64.355873693248569,-17.408976496766911],[-64.342970025364195,-17.406953230199079],[-64.338334260768164,-17.413045630282888],[-64.334288645304497,-17.418239099083447],[-64.323854959929648,-17.427996930944119],[-64.312192716934433,-17.436415839698675],[-64.297585854942824,-17.443336688206841],[-64.289016852068215,-17.446067345735706],[-64.278834593644333,-17.448519647827045],[-64.257333465983677,-17.449704220015775],[-64.244005428723739,-17.447920257705125],[-64.236302322209781,-17.446076483900796],[-64.229225716835373,-17.443800272347897],[-64.219211648672157,-17.439714235596021],[-64.217137492980086,-17.449068433810446],[-64.215980627508685,-17.453518777107803],[-64.213042017538669,-17.461932994380259],[-64.205130445994854,-17.476904616391927],[-64.201930940336496,-17.488059544295687],[-64.196587084439386,-17.50011919814839],[-64.190882722216116,-17.509273943622244],[-64.18410335887431,-17.517958381900385],[-64.172137291877632,-17.529126448954738],[-64.163644811470306,-17.535244158454208],[-64.13579299304763,-17.535461151390749],[-64.107940863415166,-17.535674233143617],[-64.080088429783885,-17.53588340349387],[-64.052235699365255,-17.536088662227002],[-64.024382679371143,-17.536290009132955],[-63.9965293770139,-17.536487444006134],[-63.968675799506251,-17.536680966645381],[-63.940821954061377,-17.536870576853996],[-63.912967847892823,-17.537056274439724],[-63.885113488214557,-17.537238059214761],[-63.857258882240899,-17.537415930995763],[-63.829404037186571,-17.537589889603836],[-63.801548960266622,-17.537759934864535],[-63.773693658696473,-17.53792606660787],[-63.745838139691891,-17.538088284668312],[-63.717982410468956,-17.538246588884778],[-63.705714951908192,-17.526088228902466],[-63.69112766648135,-17.523409288775621],[-63.677793869468594,-17.519081667407487],[-63.665047982048293,-17.512836417021862],[-63.652600827697384,-17.503838693371804],[-63.642611134321662,-17.493929227408856],[-63.635934495308682,-17.485346566259164],[-63.620887109909503,-17.458192912526027],[-63.616263025904388,-17.447046377341493],[-63.612487068020179,-17.430783683890748],[-63.602142537541738,-17.428396421763434],[-63.593616009504828,-17.426326052312341],[-63.582635546903084,-17.421803757467867],[-63.578892483162548,-17.419966521434521],[-63.568205064908355,-17.413786398895049],[-63.553767543863835,-17.40111107632951],[-63.545269816038896,-17.39017067200901],[-63.539661632097129,-17.381157629985406],[-63.533897078083847,-17.367238093245103],[-63.531011833599919,-17.354781094137643],[-63.529424750682537,-17.340553197603196],[-63.531316405808646,-17.324154973393732],[-63.534717810559989,-17.311257711155761],[-63.525503613184021,-17.300772742885602],[-63.517238507549109,-17.288733501779372],[-63.51216511184154,-17.27733610476529],[-63.507957965067085,-17.263148965108428],[-63.506323174279174,-17.245995045706966],[-63.507643920651496,-17.230611662868363],[-63.511576319199925,-17.215702057872328],[-63.517929641567697,-17.202251701056515],[-63.523542134023288,-17.193302082199171],[-63.532735914902943,-17.182716474372313],[-63.533616001111248,-17.168233545975937],[-63.534798227445975,-17.157976274515189],[-63.539527592333158,-17.142799403567203],[-63.548630749412517,-17.125691564968431],[-63.548423894624612,-17.117132127989677],[-63.548663630196643,-17.104021685753629],[-63.534357034185689,-17.101821332402807],[-63.52349599989293,-17.09917479798748],[-63.504141673492306,-17.090511976614227],[-63.502438238192774,-17.105961582309362],[-63.50121117528154,-17.112988952874026],[-63.497405799758106,-17.125194140191919],[-63.489151010201525,-17.140697790657512],[-63.483977291483683,-17.148075737415908],[-63.472311567498139,-17.160426246730605],[-63.458341812411796,-17.170001849988275],[-63.442056028046316,-17.177642014546656],[-63.42733141566832,-17.181668535815142],[-63.411478112673699,-17.183056925910442],[-63.40096655377625,-17.182871750665495],[-63.390187260831247,-17.181126089400017],[-63.382624790802154,-17.179278659664831],[-63.373442795415571,-17.176276677878622],[-63.359159374667634,-17.169236275099916],[-63.346886514782575,-17.160317336448777],[-63.337593907581251,-17.151051488356369],[-63.328895532339857,-17.139810408155356],[-63.320899629971002,-17.124030718528434],[-63.316784313963545,-17.110087592059759],[-63.315051922787653,-17.09333484512301],[-63.316441236378331,-17.07733504707895],[-63.320344999871999,-17.062584111211979],[-63.326038685234096,-17.050295530133912],[-63.333330471560004,-17.039103198902524],[-63.342689238798172,-17.028340125454442],[-63.353925940370914,-17.019364916568975],[-63.348520321890014,-17.015523898699524],[-63.339439443245155,-17.008496632883205],[-63.328559119285423,-16.995885333048179],[-63.320675218835191,-16.983153742489858],[-63.31438636948824,-16.966946584549678],[-63.304793251926917,-16.963532718899383],[-63.295430907143128,-16.959515576930414],[-63.283085592002081,-16.95206577928376],[-63.272835356166105,-16.943807788441042],[-63.265433530353704,-16.936412902406285],[-63.254837053921619,-16.921812069836641],[-63.249111567759456,-16.908874092947819],[-63.247249766157033,-16.903374378608301],[-63.244865240337418,-16.894008181572083],[-63.243237137525263,-16.878183461146726],[-63.24475802062706,-16.862204454156416],[-63.248382951745342,-16.848513017478719],[-63.254070221772189,-16.835810100552298],[-63.259846759545638,-16.826609320548165],[-63.270803080906326,-16.813501184379366],[-63.270730470288832,-16.810289187739475],[-63.271723970709793,-16.796920978116155],[-63.273712481404139,-16.787502965503691],[-63.27786213275629,-16.775771350655631],[-63.287890375510401,-16.756950966382291],[-63.298357649727102,-16.743619356843038],[-63.293143466903331,-16.736231439535771],[-63.287205354299324,-16.727531689729073],[-63.281908353512321,-16.715555201333796],[-63.278927635886099,-16.705425209437919],[-63.276679198108845,-16.694406761980201],[-63.277174085478769,-16.669321042959037],[-63.280966067544206,-16.654975367946239],[-63.284928410549945,-16.645520254424554],[-63.287757887745883,-16.640206369445458],[-63.294145000461356,-16.630019068065355],[-63.306356781447654,-16.617078246691079],[-63.315951211526922,-16.609720609858108],[-63.322423803344876,-16.605614634896483],[-63.336569506467534,-16.59896952995674],[-63.346473180653398,-16.595852581407556],[-63.360139889032162,-16.593255821683986],[-63.384571969328661,-16.593692884296409],[-63.398840117499873,-16.596759521265597],[-63.410983900315763,-16.601164036641567],[-63.420292093299317,-16.605764151506687],[-63.428413617322391,-16.611048125444881],[-63.439481732917372,-16.619967244430111],[-63.449868000902356,-16.632017660474489],[-63.45871564523376,-16.625514529549417],[-63.468686199869033,-16.619514552674918],[-63.483841470184636,-16.613710989401426],[-63.485172760513258,-16.609722377108486],[-63.487071297410054,-16.604331684144267],[-63.480438062379811,-16.59076824383564],[-63.477289247586143,-16.58265569785193],[-63.474160245037531,-16.56906275072626],[-63.46399093404883,-16.569285818859569],[-63.452749405905834,-16.569089305993646],[-63.437543839089777,-16.566119559583459],[-63.425190556745818,-16.561639950210523],[-63.414892761119717,-16.556549811582766],[-63.402770478040601,-16.548177053925922],[-63.39058573780077,-16.535992783916686],[-63.383068036432348,-16.525812016531884],[-63.375392985549752,-16.510623918020144],[-63.370774465657895,-16.494266351205582],[-63.369617365404856,-16.474097591527492],[-63.371560142909587,-16.461103336051089],[-63.37445971921322,-16.450101037232951],[-63.380955298212811,-16.436027553830989],[-63.387266230661986,-16.425940936229093],[-63.39968592533333,-16.412626224748948],[-63.410874823390934,-16.404028572351326],[-63.423859770788425,-16.396888420279968],[-63.438229600122185,-16.39184533039181],[-63.453990462807155,-16.388840516235561],[-63.476178134387311,-16.389228554389685],[-63.492428690736745,-16.392838949737769],[-63.50279467012848,-16.396869193413419],[-63.512691632477278,-16.401760226090833],[-63.527454766835028,-16.412112673263987],[-63.533430516286025,-16.403936665382098],[-63.541033778154691,-16.395146749287655],[-63.553938931304181,-16.384784890486841],[-63.563959884266879,-16.379006042459995],[-63.575367950948255,-16.374109701243199],[-63.587758429916015,-16.370514989884974],[-63.600973851206447,-16.368695792473073],[-63.617018517193777,-16.368965537106746],[-63.630587231957357,-16.371158546825836],[-63.648898816869277,-16.37714726139669],[-63.664497499256825,-16.386212541492064],[-63.67962692337607,-16.399647382218198],[-63.689467917367026,-16.412941888723044],[-63.696547418864817,-16.426904034046068],[-63.700596920542097,-16.440579752467784],[-63.712758618870787,-16.436516601277294],[-63.723662929693852,-16.433911554225322],[-63.723555201502649,-16.429580786965598],[-63.721412780868988,-16.410037594010419],[-63.721658191027799,-16.395974162667436],[-63.724495861626501,-16.382353557861986],[-63.728443066766957,-16.371089471045014],[-63.734758418766816,-16.359148598212563],[-63.739827057074145,-16.351872689769412],[-63.746692932116794,-16.343916875607622],[-63.754826501854737,-16.336315493733455],[-63.767659627002878,-16.327455064100253],[-63.76528413525719,-16.3196392445317],[-63.763940825780324,-16.314403383784974],[-63.762144637220842,-16.302307771503102],[-63.762435900626869,-16.285437467351137],[-63.767037283696382,-16.26600611917624],[-63.772390333798754,-16.253118953246567],[-63.780713542778088,-16.239746154398489],[-63.78766891912317,-16.231356590735981],[-63.79748449196083,-16.222174514139592],[-63.813289587348201,-16.212076800634716],[-63.825079382350538,-16.207187414108784],[-63.84051480865925,-16.202915390550643],[-63.862415114874985,-16.201753656785748],[-63.875653590767229,-16.203567633803001],[-63.883595551342374,-16.205499308354213],[-63.892464025704548,-16.208390965935646],[-63.906538268777318,-16.21532102534583],[-63.914184509956449,-16.220281017478353],[-63.927052965357788,-16.231524892367105],[-63.934986209156307,-16.241101941086463],[-63.941134553159621,-16.251467246737736],[-63.944654935989199,-16.24567786506779],[-63.950556144175053,-16.236521744124421],[-63.962566304739475,-16.223687000791308],[-63.971964647136502,-16.216418058247687],[-63.982610094895108,-16.210245707980942],[-63.9934298952939,-16.205572557614161],[-64.007917730253794,-16.201550505558775],[-64.025248972389676,-16.199828831146505],[-64.041811113675138,-16.201110309827865],[-64.057089872805335,-16.204813508469705],[-64.069827116680884,-16.210246465511101],[-64.082897313226837,-16.218098388635866],[-64.094495636751191,-16.227999821955404],[-64.102159912787968,-16.237236941150513],[-64.106541900104403,-16.24361850252415],[-64.114200210082956,-16.258658934840128],[-64.118304504592928,-16.272427101416486],[-64.120305837776669,-16.289353945219588],[-64.118840101771895,-16.305555561462082],[-64.115285910275233,-16.319260053604605],[-64.109669759151231,-16.331984317923613],[-64.103992409961592,-16.341135999441033],[-64.097349201433019,-16.349684851023735],[-64.085843234180203,-16.360473302832119],[-64.075324957711288,-16.367758591758609],[-64.060910916590132,-16.374600201424862],[-64.052385004639419,-16.377318449388891],[-64.042162685181708,-16.379778197093657],[-64.018643719132626,-16.38091927753182],[-64.002725983172652,-16.378171289128293],[-63.990792717323693,-16.374291141143466],[-63.976208304536527,-16.367123898949327],[-63.965909497731261,-16.360044557362215],[-63.952176368740083,-16.346373714512968],[-63.942713509410076,-16.332577896233147],[-63.936057004483956,-16.344347112578127],[-63.931616715562164,-16.350734757104281],[-63.922444593045981,-16.360894451884977],[-63.908486390721421,-16.371677501516047],[-63.912995369441546,-16.384210698975107],[-63.915410640183914,-16.395874353192724],[-63.918211520840785,-16.407644513017736],[-63.919311931487677,-16.429006426870828],[-63.916457422814403,-16.444371966485893],[-63.912431931327248,-16.455890819113989],[-63.904999236883697,-16.46996846493526],[-63.897658982097703,-16.479909380306637],[-63.883485562243621,-16.493164638072223],[-63.871823763039203,-16.500611249225791],[-63.859338754967553,-16.506518837323153],[-63.845393490055805,-16.510374752837404],[-63.831616608262358,-16.512286528130371],[-63.832069621884898,-16.530096798099471],[-63.830564608724302,-16.541839457686695],[-63.826606143927926,-16.555238794586536],[-63.820162272243437,-16.568455537241249],[-63.819020845689188,-16.568769424492768],[-63.819846127849381,-16.569558868991333],[-63.820162272243437,-16.568455537241249]],[[-64.146052465870156,-17.29990715041161],[-64.158604896212097,-17.299389755504123],[-64.164332763529515,-17.297263737808116],[-64.171633153873856,-17.292163103009539],[-64.17718024908929,-17.284549413272895],[-64.179795215387387,-17.277577052136603],[-64.181818674675284,-17.268394169629094],[-64.182450416888102,-17.260213259924633],[-64.180776052631714,-17.248475601845662],[-64.177198873743833,-17.24089701456656],[-64.172487304146173,-17.235705754204965],[-64.16521908218418,-17.23186411318617],[-64.155300345756572,-17.229844766096427],[-64.145483753819619,-17.231180430672225],[-64.13609025537383,-17.235272476184242],[-64.127528563486422,-17.24244503192303],[-64.122010379654242,-17.251051516763631],[-64.119037728055915,-17.260793084668968],[-64.120045291592845,-17.27244580476815],[-64.12334920327838,-17.281049947035239],[-64.127774408687401,-17.287750339764493],[-64.133476169228558,-17.29403321642522],[-64.141441109888461,-17.298243055891128],[-64.145614093848991,-17.299424227277427],[-64.146052465870156,-17.29990715041161]],[[-63.942309112879983,-17.382312083025639],[-63.955913483338058,-17.381782725949368],[-63.965036740162759,-17.38006472096507],[-63.977431542470391,-17.374373939542895],[-63.986336028848335,-17.367273790840912],[-63.99442534061447,-17.357034734041019],[-64.002160852489396,-17.34281739056901],[-64.006514841842716,-17.329143295291328],[-64.010997849868758,-17.307893537590918],[-64.01456307864197,-17.296875340620957],[-64.024857654206599,-17.273881114937836],[-64.03136501618998,-17.257230144832736],[-64.033295583386973,-17.24812122338092],[-64.033905026211244,-17.231039674212049],[-64.030829953998222,-17.220652990131718],[-64.027325463052563,-17.213613377506835],[-64.023135007756778,-17.207448550482361],[-64.015203175547668,-17.199306859023682],[-64.008392659282265,-17.194852610741126],[-64.002895054050953,-17.192091553620944],[-63.997007549091094,-17.190140765043239],[-63.987323447916296,-17.188242842478932],[-63.97357028017349,-17.18952819198411],[-63.960500004774971,-17.194228741217838],[-63.950255875023984,-17.20037396806827],[-63.941212445411317,-17.208506784876594],[-63.933025956046258,-17.220059946891489],[-63.92738764876686,-17.232241666197915],[-63.925399643306143,-17.239677013215182],[-63.921254888131855,-17.257605489782065],[-63.918469034023126,-17.266202026439782],[-63.914986004764891,-17.274917774946992],[-63.905866795189226,-17.296536211920966],[-63.900552458491525,-17.311323151124533],[-63.898284472858627,-17.326415402275966],[-63.899911484593723,-17.338296501489932],[-63.901916420249044,-17.346215642723539],[-63.905684750282823,-17.355381234013823],[-63.911999503877276,-17.365101565883467],[-63.919382935893779,-17.37268097358141],[-63.926333241816678,-17.377226245990006],[-63.935116613209409,-17.380642838942059],[-63.941854003246576,-17.381845108525781],[-63.942309112879983,-17.382312083025639]],[[-63.782814553775289,-16.603852108727175],[-63.78395625264433,-16.603538409531239],[-63.783130958803234,-16.602748825184744],[-63.782814553775289,-16.603852108727175],[-63.781383809320396,-16.604284071036155],[-63.769373774148782,-16.609434597208892],[-63.757979769368454,-16.612506008959073],[-63.756452644538193,-16.620562791862149],[-63.752551502411983,-16.63290812461344],[-63.748226452914281,-16.64208335853013],[-63.740879510634933,-16.653311867074127],[-63.73379085194567,-16.661404733574653],[-63.727700501075084,-16.669556323075181],[-63.720636844838296,-16.677232359755216],[-63.710277548757354,-16.685900886622623],[-63.722344643654026,-16.689059716508101],[-63.732067332966466,-16.692622922741631],[-63.744695474703519,-16.699208398151963],[-63.750888302762171,-16.703827630847702],[-63.758498514938196,-16.709798555432496],[-63.766783954681223,-16.704673225287614],[-63.773397804793156,-16.701078301966554],[-63.770756514705667,-16.689385290234679],[-63.76978138464397,-16.67458048204826],[-63.771462290400294,-16.660392183696093],[-63.770440061490007,-16.644866207455905],[-63.772820704917457,-16.629755134043346],[-63.775654994905118,-16.619683401564057],[-63.780067291427521,-16.609373005926127],[-63.782377747025031,-16.60523500920219],[-63.782814553775289,-16.603852108727175]],[[-64.379255812485127,-17.28488319257006],[-64.392982792313845,-17.284342924526964],[-64.399169925752631,-17.282260146797508],[-64.407081472724528,-17.278274300003709],[-64.422973143149363,-17.268164447625004],[-64.438863023499252,-17.258053455513146],[-64.452290521884237,-17.250263352303815],[-64.466705469712593,-17.244678772170925],[-64.480284260772834,-17.242151285826747],[-64.491739025738894,-17.24394173664647],[-64.501894711989323,-17.248873642997559],[-64.515720451264698,-17.260377273068364],[-64.524325117135277,-17.266826691792122],[-64.535144931594715,-17.272612132666971],[-64.544586167483246,-17.276106488233239],[-64.554639216027653,-17.278378922829745],[-64.575217326859146,-17.279365265438305],[-64.60256667023782,-17.275534228915259],[-64.625246222719326,-17.272399454811111],[-64.657337392684113,-17.26762567448554],[-64.66802855561528,-17.264898685862264],[-64.679010635595461,-17.259346484130312],[-64.690396313204133,-17.250893767055299],[-64.704753486384618,-17.238540811518011],[-64.72973175031683,-17.2150450380142],[-64.746756660073942,-17.203427196082519],[-64.754356862105155,-17.197779497930803],[-64.766690215642811,-17.185214218702757],[-64.774035948293644,-17.174226712363364],[-64.777220664784068,-17.167766429385388],[-64.780751359135451,-17.155296341227057],[-64.782172927500568,-17.128999727429804],[-64.784537575070402,-17.12215262124715],[-64.788771667916052,-17.120131155436283],[-64.796500700864684,-17.121328259610593],[-64.807387801004637,-17.125179785739533],[-64.819078201351999,-17.130838311380302],[-64.837322596211337,-17.143890755841912],[-64.847650148684465,-17.151106407052303],[-64.862803041605574,-17.159567022674697],[-64.874834380670919,-17.16504146587982],[-64.886461781732521,-17.168549262665646],[-64.900865930409566,-17.170833525155281],[-64.914137843490892,-17.168840820749498],[-64.921738758730555,-17.166890970420418],[-64.940064745094332,-17.159540088142645],[-64.966979482446092,-17.145349814857756],[-64.978872173846,-17.137428492515237],[-64.991538491284501,-17.124490708049688],[-64.998591481964525,-17.113911276733401],[-65.005620389348223,-17.097110077846605],[-65.010110542448075,-17.090596048164507],[-65.018915912284669,-17.089295781662134],[-65.043461912605721,-17.10021406319569],[-65.055977471453403,-17.103980268389684],[-65.073970984609886,-17.104983879191547],[-65.085258603352059,-17.103012968937183],[-65.091893823638287,-17.100752093015775],[-65.107339513102218,-17.092896203810998],[-65.124904181828299,-17.080274048814573],[-65.132731549822608,-17.077288805724137],[-65.138460385564585,-17.079107658364698],[-65.142494057197609,-17.083057683051582],[-65.150188318689075,-17.097892072400324],[-65.153899009090608,-17.104635090035917],[-65.160028378157023,-17.112226728314113],[-65.167324857507737,-17.118819289484431],[-65.176071124335365,-17.124200077726481],[-65.184519262870353,-17.128028955182909],[-65.19611285434388,-17.131038128116938],[-65.20855711909644,-17.130658213762374],[-65.216289528143818,-17.128662525887943],[-65.224517338998055,-17.124471921076506],[-65.230788396579541,-17.119786516585144],[-65.236832943817021,-17.113596216185673],[-65.246006023465824,-17.102679356003875],[-65.261496113416399,-17.080757707177362],[-65.271689930790501,-17.06911909760144],[-65.277550583769568,-17.063575248333937],[-65.285063414931855,-17.058086330743365],[-65.294103340162621,-17.054273923030664],[-65.311689143709032,-17.051840770760862],[-65.321430921143119,-17.049615731559928],[-65.347781034439635,-17.037196014391849],[-65.365171476021217,-17.030363047558676],[-65.375285831035768,-17.028340781504152],[-65.385854014077026,-17.028424523005558],[-65.396621013481692,-17.031828982824869],[-65.408877241721868,-17.038428056616748],[-65.431898033178896,-17.05404946233843],[-65.440297288535263,-17.059630678956555],[-65.448686778336892,-17.064778056445597],[-65.463742559627562,-17.072945117429409],[-65.481860419387175,-17.078989973953671],[-65.494499979416972,-17.080529276199108],[-65.505004077638276,-17.080193551851952],[-65.515190499165712,-17.078055003858928],[-65.526361232146755,-17.073534307551235],[-65.537013777734046,-17.067137704327099],[-65.550392433547529,-17.055339635760976],[-65.5631096718501,-17.041470945886317],[-65.575817253226191,-17.027045899813483],[-65.580899217821155,-17.019369601519994],[-65.58363667303297,-17.010873190752871],[-65.583242399302534,-16.999587026837609],[-65.580739373657778,-16.992842209089762],[-65.576022403013653,-16.98557474415864],[-65.566135835629467,-16.976671074849268],[-65.549510791069466,-16.968360782490475],[-65.533282359321092,-16.961968214255073],[-65.509643678431971,-16.955332309092462],[-65.498622940228032,-16.952889292050525],[-65.471714329740152,-16.950406717403286],[-65.462672304564705,-16.948737962837992],[-65.451817494008154,-16.945307190933317],[-65.442946761244684,-16.939673707319606],[-65.437261228677755,-16.934117563862504],[-65.432624075083638,-16.92680613188228],[-65.431032438281875,-16.920842821276779],[-65.431091147521983,-16.913823605294454],[-65.434824105835759,-16.904639976176789],[-65.44077352169829,-16.895960920472604],[-65.449624552746201,-16.887567917976543],[-65.465845093432279,-16.876506784876],[-65.477220108093775,-16.870114652203092],[-65.485725548707535,-16.866013385890319],[-65.5038367917291,-16.858348775823771],[-65.518403878910618,-16.851556304136409],[-65.523396187899536,-16.849588915616572],[-65.531903141368261,-16.847480383266166],[-65.549297947421636,-16.845773421206765],[-65.559186009132617,-16.844431004660908],[-65.569688998856307,-16.841698493771979],[-65.58219614889633,-16.83529362627651],[-65.591429053621212,-16.827921617527746],[-65.59882510449556,-16.818690837442471],[-65.606157900248164,-16.80584263218303],[-65.611913142040422,-16.792290065315662],[-65.61664988922189,-16.777570347559642],[-65.61960194406123,-16.763746157511392],[-65.621713690304347,-16.750116330502848],[-65.622512503788514,-16.71477463643653],[-65.623467391796922,-16.707840231111831],[-65.628703670847599,-16.692437129682705],[-65.642573108347392,-16.668916979134217],[-65.651754730991968,-16.651868909408059],[-65.656450738326953,-16.644995653122098],[-65.680153426281734,-16.623399672150768],[-65.69794453466001,-16.610881267520604],[-65.707066608603128,-16.60401824897728],[-65.718658736602123,-16.592064434639919],[-65.724732311038593,-16.583935255535085],[-65.730573240631159,-16.574582760344381],[-65.735188896586678,-16.562084340863613],[-65.736380777344891,-16.549638591977029],[-65.734211794917911,-16.540087436005223],[-65.729470295419489,-16.529898613402146],[-65.721802305058745,-16.52098508229712],[-65.713932834168432,-16.515514808410977],[-65.703984546961593,-16.511017246310821],[-65.690564430243185,-16.508669313510335],[-65.677291572776767,-16.509101284841748],[-65.664278462982864,-16.511106128798978],[-65.652156356091609,-16.514268096374341],[-65.633761363554456,-16.52278280844963],[-65.625869633738205,-16.52474432158894],[-65.607779012060107,-16.526192360086458],[-65.595614058103422,-16.527435678208459],[-65.585026510700274,-16.530193535095894],[-65.575548321292473,-16.534039325540164],[-65.560372243134765,-16.541818318651753],[-65.545494622617056,-16.549006572277285],[-65.537342719646588,-16.550644980535029],[-65.530987064919472,-16.550597231720456],[-65.520845513897868,-16.548721455274865],[-65.500331195626458,-16.542863121231569],[-65.48748386313342,-16.539242487667391],[-65.472506233953879,-16.536606666610098],[-65.45568276370804,-16.537136668678489],[-65.44024091285003,-16.541147697304215],[-65.42414194846846,-16.548475421195736],[-65.414817108578319,-16.554078658675305],[-65.404609682195058,-16.561736444866426],[-65.383016190074741,-16.581355890001078],[-65.364784945825591,-16.60009287961477],[-65.358972797393236,-16.608864525924453],[-65.351792277648428,-16.623572833493562],[-65.345853118440203,-16.639086510622288],[-65.342189603727121,-16.652194290542457],[-65.338919145422125,-16.67032084585658],[-65.337876658858292,-16.675536919217478],[-65.334238333412031,-16.686187618458419],[-65.330517023007459,-16.693354501208539],[-65.322390944056949,-16.703929673560886],[-65.303651886607454,-16.719521269168123],[-65.297042549923731,-16.726305300467029],[-65.291567229432061,-16.734558565306941],[-65.288842519217894,-16.740132651476767],[-65.285135247152752,-16.751587657241817],[-65.283427082438806,-16.762485771360279],[-65.283994280523302,-16.779602541234631],[-65.286123367667386,-16.790843915349967],[-65.291352840453513,-16.805023813324688],[-65.302952681291913,-16.829223834250108],[-65.307417448543717,-16.841966254685801],[-65.310034572126426,-16.851803564987843],[-65.314421545345468,-16.873828838352537],[-65.319291354186817,-16.887019497720079],[-65.329577684290726,-16.903471585137339],[-65.334586528917185,-16.911965959336246],[-65.340221295114517,-16.924333167250598],[-65.343007613607185,-16.937251532076566],[-65.340283934147521,-16.94521931979078],[-65.333572608584788,-16.951574934423927],[-65.321126060115049,-16.956188372538445],[-65.309419467985435,-16.956091197576761],[-65.300644142665902,-16.953310693314492],[-65.288166420232812,-16.945373273644762],[-65.26328975913205,-16.923383473081746],[-65.239163993012852,-16.90539912748638],[-65.229800436052642,-16.896227312730165],[-65.226036868154452,-16.888968791334442],[-65.223757133757701,-16.882456079725866],[-65.219932871158647,-16.863209926503107],[-65.217087393450996,-16.850557044753632],[-65.211315493494084,-16.834892685415888],[-65.202944484118419,-16.821248674275509],[-65.192259906800118,-16.80998025631315],[-65.177521679351798,-16.800143189770047],[-65.150887975751772,-16.787096473082418],[-65.141267952930519,-16.78189201212734],[-65.133759103022342,-16.776525010857764],[-65.126559173027786,-16.769459092773971],[-65.118481558254999,-16.758734016531001],[-65.102950466364831,-16.733583190647089],[-65.094231272779965,-16.722749773168946],[-65.08662551267075,-16.715854478720953],[-65.074602011681804,-16.708429731787874],[-65.063802898315018,-16.70413884704864],[-65.050403053118316,-16.701131556795353],[-65.033313204740438,-16.699748514717157],[-65.014485480268576,-16.701996338037809],[-65.000052547866233,-16.705710810522927],[-64.991045401832849,-16.708779418749781],[-64.974486481737003,-16.717201929293012],[-64.9625228768017,-16.727704785976627],[-64.956526562952604,-16.735661889468467],[-64.949671190183125,-16.749624499301586],[-64.946452586777511,-16.762909737154619],[-64.945497351844466,-16.786429592267044],[-64.944417738147834,-16.794069340027022],[-64.938919868559935,-16.802049127298474],[-64.925336496790266,-16.810810790389745],[-64.912792903166974,-16.816078165301214],[-64.899093085159478,-16.818786151113414],[-64.881714127557714,-16.81860441134441],[-64.865112176713367,-16.815166171455306],[-64.852926933405499,-16.812705173394765],[-64.831987923716071,-16.811867799374301],[-64.819560648591349,-16.814023144408406],[-64.809833892386663,-16.816827726355257],[-64.797234906062229,-16.823219338093661],[-64.786290222915412,-16.831368987128997],[-64.778801693609964,-16.840635696861494],[-64.773338189410211,-16.849682953005193],[-64.768749861034166,-16.861185964541981],[-64.765967033685811,-16.87102277768593],[-64.762816096675053,-16.887337447975163],[-64.759818135961524,-16.901301862335178],[-64.755696290408551,-16.911340932015403],[-64.748367997588474,-16.919669003585767],[-64.740423200245559,-16.924301071639643],[-64.725751820169066,-16.929542625316344],[-64.716263393597231,-16.933340600153667],[-64.702976895035974,-16.941541619957359],[-64.690623972590458,-16.952475248421806],[-64.681008859197718,-16.96385912813993],[-64.672664570774074,-16.976338372637326],[-64.660637025508279,-16.998576522313002],[-64.651708036478581,-17.013526128668932],[-64.64066402739725,-17.026917976495771],[-64.631874881613058,-17.032563472742343],[-64.614882290540592,-17.035895939878099],[-64.602613679348039,-17.039246747675591],[-64.57011251887424,-17.052808841205632],[-64.561620459278146,-17.055532387020559],[-64.533995340132222,-17.060074513493461],[-64.521929292176068,-17.062147883046151],[-64.504391639714058,-17.066080038331666],[-64.472859237009487,-17.076720004589625],[-64.464672017144323,-17.078062921976073],[-64.455876163026673,-17.076891162687154],[-64.448135083168637,-17.073125681520136],[-64.434458037527563,-17.061724125588185],[-64.426737193185517,-17.055671619277305],[-64.413027338370028,-17.047972016028879],[-64.390109543532731,-17.038553843103227],[-64.381372397749175,-17.034862356555017],[-64.374173177308847,-17.030238694298291],[-64.3705520220621,-17.025005534220856],[-64.366060197065579,-17.005954636896515],[-64.363346303614108,-16.998495343847569],[-64.359145069792262,-16.990780272545603],[-64.350053968330258,-16.980777713400926],[-64.341017459286022,-16.975161346891216],[-64.331574240465514,-16.971376328008265],[-64.317093590201409,-16.97035478892295],[-64.307673781154435,-16.972274778718678],[-64.298052142737106,-16.976102226165356],[-64.29336444113045,-16.978464020916707],[-64.281398854561161,-16.985813193114435],[-64.260806811096174,-17.001051808556561],[-64.235188644029137,-17.024816944689775],[-64.225921219472212,-17.03197726635074],[-64.217526372430214,-17.037344713210693],[-64.208562464233353,-17.04159454114053],[-64.198169789360804,-17.043610172079791],[-64.189662063633904,-17.042465116176228],[-64.179670409999233,-17.039240065163121],[-64.158623221346971,-17.029593579511925],[-64.137578079970552,-17.019944774079597],[-64.126578879008775,-17.016578090949363],[-64.116011148435035,-17.014653727422324],[-64.101271863053185,-17.01502353307518],[-64.089766223135513,-17.017926454698642],[-64.080074537339129,-17.022795562001189],[-64.069455758583075,-17.033545930124092],[-64.064807276755019,-17.042892974621051],[-64.062339019090487,-17.05431884138277],[-64.064329940648534,-17.065188895194726],[-64.066417374666472,-17.070951916276382],[-64.070129311001722,-17.077790216186074],[-64.07707137466889,-17.08648931516106],[-64.086397807527234,-17.093825829100481],[-64.096974714866874,-17.099367567109329],[-64.112890400367746,-17.104238450093042],[-64.136524728518879,-17.105185771350666],[-64.167067144097231,-17.102008352715988],[-64.18518203931076,-17.102258646770618],[-64.20229779001825,-17.10585520563772],[-64.213679689651741,-17.11140811947725],[-64.222222482609965,-17.119851671909938],[-64.230698859302208,-17.134647860975026],[-64.23974185303517,-17.155470150339674],[-64.242239361580161,-17.160058577485451],[-64.250185371088079,-17.16880136298316],[-64.25973720765802,-17.174172255013392],[-64.283653133257545,-17.182305129060698],[-64.294904197018852,-17.185735242928498],[-64.309536261157618,-17.188383111777437],[-64.331568005992438,-17.189964461543802],[-64.340469967562314,-17.192827389668849],[-64.347678701667164,-17.198341817791189],[-64.352927336120899,-17.207096819357183],[-64.355280108048461,-17.213902638631286],[-64.357113795282345,-17.242594341177163],[-64.358894062911943,-17.255268623065323],[-64.361894628172877,-17.266197532030933],[-64.367672767955909,-17.276789084879471],[-64.37330508795965,-17.281914563224621],[-64.378791483729202,-17.284425481074255],[-64.379255812485127,-17.28488319257006]],[[-63.812799350159374,-17.470553764231365],[-63.824311261748626,-17.469799591436669],[-63.832709746970067,-17.46501373284018],[-63.836724287946694,-17.457654558261943],[-63.837096665418159,-17.447517289575092],[-63.833102940542979,-17.437798825857275],[-63.822128425460193,-17.426527460341031],[-63.809838622590384,-17.418482920013979],[-63.804043060707485,-17.415568885129769],[-63.793901042723327,-17.411616801867822],[-63.782521501300103,-17.40880216451492],[-63.774994476309793,-17.408545347920111],[-63.767708863713409,-17.411880655125852],[-63.764098931947863,-17.418494001257727],[-63.765381510842047,-17.431169022684678],[-63.772795099250096,-17.444008761059795],[-63.786481394936452,-17.458070894810088],[-63.797760503830787,-17.465453994556995],[-63.805999740654741,-17.468663432271168],[-63.812344325929168,-17.470086493056755],[-63.812799350159374,-17.470553764231365]]],[[[-62.632378167112456,-17.151890442487865],[-62.631918382329296,-17.151428594508246],[-62.618296568484837,-17.149980128469199],[-62.604098252968349,-17.146100544814555],[-62.589841974246234,-17.139415399083205],[-62.580722938709343,-17.133640148427592],[-62.569136447379208,-17.124108065328215],[-62.560364051113183,-17.113610232807382],[-62.553249208570087,-17.102270029780545],[-62.547596034426476,-17.089871137163616],[-62.53700239817568,-17.084063085705743],[-62.527206001786617,-17.076556200852846],[-62.522980115934608,-17.0726322542838],[-62.517915372441287,-17.067536826075486],[-62.504098989049211,-17.077043912559919],[-62.493770622288359,-17.082128982674583],[-62.483842342497844,-17.085713886750348],[-62.471762216470843,-17.088658236690598],[-62.45331314507434,-17.090422227896259],[-62.435889813564565,-17.08803438734342],[-62.421896314114356,-17.08419594691804],[-62.407377086251678,-17.077369211465928],[-62.393552426492803,-17.067874851872791],[-62.379583380495042,-17.053273485726606],[-62.374163126992279,-17.044613479512165],[-62.369480900818544,-17.03696987289932],[-62.363415244263294,-17.035810934882278],[-62.364184627363898,-16.94414400684677],[-62.364951648625549,-16.852476234307254],[-62.370686154065424,-16.85159538335736],[-62.384494621576941,-16.844798240173613],[-62.3980739706371,-16.840366975520126],[-62.411528858441002,-16.83819701774944],[-62.427612575277507,-16.837926338782928],[-62.440293583354375,-16.839666865701684],[-62.449099621331818,-16.841759507184626],[-62.464261639623032,-16.847230520104784],[-62.479032485425321,-16.85611546373255],[-62.496413140119422,-16.871928000105328],[-62.510437388937476,-16.864644167410482],[-62.512054415928993,-16.846112943106441],[-62.51487385973698,-16.833886727022779],[-62.519251159493727,-16.82262542171264],[-62.522304201058311,-16.816601755746401],[-62.527596574663129,-16.808061368069076],[-62.533104044107866,-16.80140280921248],[-62.541435325943716,-16.791888152557998],[-62.530970295159136,-16.783857154962281],[-62.525531310323927,-16.778799051441897],[-62.516884582844312,-16.768827475196613],[-62.510877757543561,-16.759231592655915],[-62.504435468139469,-16.745273759202302],[-62.501438222161177,-16.733886183677988],[-62.500454082084438,-16.726316646647803],[-62.499562531704001,-16.713565056286075],[-62.490463083911024,-16.705096983717233],[-62.481964706187725,-16.694897273827721],[-62.474475570401736,-16.682288300369656],[-62.468163137585563,-16.664357251047793],[-62.46597664480101,-16.649660202494797],[-62.467053091319812,-16.6292763447473],[-62.470594731011346,-16.615429570786823],[-62.473571221139252,-16.608718036315334],[-62.476419593019067,-16.602415622628978],[-62.47909850075078,-16.58936438198786],[-62.482745514495718,-16.578620742936256],[-62.488055067509436,-16.568135129258714],[-62.495834693485762,-16.556753917719043],[-62.50935275355944,-16.543250402013051],[-62.519763690502053,-16.536064839937403],[-62.534343178946415,-16.528861921841205],[-62.5463259540537,-16.52493497021889],[-62.555321340361282,-16.523474769040565],[-62.563786400213623,-16.522163806179339],[-62.576134448556239,-16.519511070535799],[-62.598650423130302,-16.519112275346764],[-62.609918012982277,-16.520903619196325],[-62.622200176347704,-16.524269775218553],[-62.639613211507516,-16.532456796313401],[-62.651041616877968,-16.540658503743966],[-62.658514865860298,-16.547607865810996],[-62.663464865251612,-16.553542990899508],[-62.668666104715818,-16.56033371641945],[-62.684503315678626,-16.546153782239543],[-62.69962841869016,-16.537337212746873],[-62.710877333139656,-16.533248969674275],[-62.714553789902503,-16.532103742450527],[-62.716210144528645,-16.520775375807911],[-62.719884148436364,-16.508918910640716],[-62.72435589479749,-16.498795362751448],[-62.731365467543938,-16.487437616692436],[-62.74070940026531,-16.476568280204663],[-62.751127870220785,-16.467747451875841],[-62.758392319124674,-16.463008218560709],[-62.772462572013858,-16.45603378174058],[-62.784386882522732,-16.452109276703595],[-62.800301121858595,-16.449300266387333],[-62.823836544230261,-16.450347409347717],[-62.837934831374206,-16.453676058365321],[-62.84310001777073,-16.455646562543929],[-62.856822775010798,-16.461799986881925],[-62.863902965762875,-16.447741716933415],[-62.868044535516141,-16.441654162397739],[-62.87566003765312,-16.432396433298624],[-62.888910474839129,-16.420739659898416],[-62.902388998345472,-16.412565181159675],[-62.91671509328642,-16.407224451507734],[-62.92822505106529,-16.404381718492143],[-62.945624816065319,-16.402670519345353],[-62.963896089627816,-16.404829523465839],[-62.977613002680741,-16.408565866658353],[-62.991829029215779,-16.415224124795095],[-63.000858806145537,-16.420938321845597],[-63.011653537140539,-16.429556284825136],[-63.022056724213215,-16.441690976521279],[-63.021523846571768,-16.416617592320669],[-63.023784686101763,-16.405432036980017],[-63.028263686251364,-16.392103003281385],[-63.036522290746497,-16.377226423073626],[-63.04612846382043,-16.365524390349933],[-63.058653543833451,-16.354589504184812],[-63.074053046487805,-16.345566176072928],[-63.088025216116968,-16.340454444783784],[-63.103934834393691,-16.337300490933703],[-63.114694592058257,-16.337082927235002],[-63.127807330849663,-16.337333726361603],[-63.128718235081216,-16.320968822867712],[-63.13017755407531,-16.311282789852271],[-63.130682286937471,-16.286622055939699],[-63.114613356954578,-16.285463281537503],[-63.101096058777934,-16.28228790890779],[-63.091668123144991,-16.278701187900928],[-63.079696618831441,-16.273420536447411],[-63.065717759731619,-16.27572841937652],[-63.053585019041051,-16.275970975203737],[-63.038281862603341,-16.274368428807623],[-63.025801574304907,-16.270785365456561],[-63.01207838304105,-16.265159761996696],[-63.004666038700215,-16.26046604240965],[-62.999088276603942,-16.256813818396427],[-62.987956259825395,-16.252572023522728],[-62.980546896344755,-16.249098853289802],[-62.969297585328874,-16.241972071992731],[-62.958164200439555,-16.232806692744749],[-62.950318506629458,-16.223412312732201],[-62.945476973185741,-16.216507801835181],[-62.94000428263837,-16.206235976634741],[-62.93440973147495,-16.190426925630607],[-62.933107536342888,-16.181796568613535],[-62.93219287698421,-16.170910559263582],[-62.922735530776251,-16.181631605824162],[-62.9118867167007,-16.190087391183202],[-62.897050590042937,-16.19877191080824],[-62.880684018896659,-16.204175349820193],[-62.870657387225606,-16.206153431674494],[-62.845864795717965,-16.206625871359339],[-62.834290187461335,-16.204433472378966],[-62.820685270665507,-16.200155477218722],[-62.809480423781039,-16.194890779432662],[-62.796618271265132,-16.186215078656392],[-62.788247325742326,-16.178427278473475],[-62.779923091071929,-16.16844028184504],[-62.772641321741396,-16.156806927792591],[-62.767675921381496,-16.144937604139216],[-62.764885853855809,-16.134364583412939],[-62.76293713751253,-16.12137105643404],[-62.764068726395692,-16.102428390104144],[-62.767462496777199,-16.089035474619745],[-62.77566718386624,-16.068622924375564],[-62.779409998555778,-16.061183353348998],[-62.786938674663219,-16.050105005630481],[-62.802279214296782,-16.034695085346936],[-62.812006197095087,-16.028331337735629],[-62.81913764494562,-16.024429214934752],[-62.829952142749498,-16.009441392406156],[-62.8452468325575,-15.99576343243714],[-62.855895045497682,-15.989527422950719],[-62.861386801397231,-15.98679540739303],[-62.866818228613774,-15.984668297168646],[-62.87431890765383,-15.981977517843852],[-62.871569601603653,-15.968952931319432],[-62.871231327417576,-15.952408650895428],[-62.872451454978723,-15.943989807935251],[-62.873886625262408,-15.935878034734243],[-62.852141814486302,-15.934780132244397],[-62.841930517108658,-15.932843851727492],[-62.833236981233085,-15.930402391618413],[-62.819698736760756,-15.92896817474581],[-62.801259109767457,-15.923918163471466],[-62.785656686351864,-15.916575267774887],[-62.775128536179523,-15.909331887785839],[-62.763599422931442,-15.898588705454717],[-62.755489672706922,-15.888220874028733],[-62.746780778426604,-15.871811485727848],[-62.742982725778354,-15.859609469030987],[-62.740893970061975,-15.847666946777093],[-62.740633285362492,-15.834501070480748],[-62.742203157462953,-15.822188436814637],[-62.744488637129223,-15.813159811307157],[-62.748629608662725,-15.802409849966713],[-62.75165927936991,-15.79638189611547],[-62.75751721959994,-15.786851989223221],[-62.766815885000128,-15.775992773468062],[-62.778378591880802,-15.766014512025025],[-62.791457125832586,-15.75806512733538],[-62.804941527757357,-15.752429909609027],[-62.816156372453982,-15.749656745350562],[-62.829359959860788,-15.747799109094064],[-62.849798819771685,-15.748873430111841],[-62.856722067708382,-15.750512891746462],[-62.863424794817433,-15.752181075528753],[-62.8726501443522,-15.752368974694219],[-62.90473762755127,-15.735983909258518],[-62.917486340072657,-15.731763284926201],[-62.93033134926111,-15.728969439881],[-62.947573391168312,-15.72795266729193],[-62.95900525570822,-15.712064571878511],[-62.97323628939499,-15.699387953681725],[-62.986570557793975,-15.69126378195962],[-62.99736431813762,-15.686740035423009],[-63.011381888341873,-15.682809787649832],[-63.026281104303621,-15.680963509835232],[-63.044143114846463,-15.682065171525045],[-63.052749912341106,-15.684095816977914],[-63.0600228423434,-15.68589953824738],[-63.075777658271079,-15.683664167778502],[-63.097987852828943,-15.684693335424084],[-63.106018334905215,-15.686585955761403],[-63.122191173520775,-15.691939227176041],[-63.136865325726951,-15.687628060679931],[-63.15230115056508,-15.685432409322475],[-63.171396123966034,-15.686602051530544],[-63.184778971408356,-15.689751017829616],[-63.194003104520966,-15.693266302207041],[-63.203100471547273,-15.69753164221321],[-63.209049269465858,-15.701301857914181],[-63.2183460519025,-15.707764931768368],[-63.231909985041156,-15.708019071664321],[-63.24277271337855,-15.700015972841799],[-63.2536217160688,-15.693946668905756],[-63.266158644981601,-15.68900303713683],[-63.282739148380543,-15.685367986451393],[-63.300679839897327,-15.684989370626079],[-63.313740839903843,-15.686737038608987],[-63.327652833984168,-15.690516330369817],[-63.342102308177566,-15.69728000831047],[-63.35209860926286,-15.704125580360879],[-63.359198949838991,-15.709879663020994],[-63.363361689272352,-15.695488699317281],[-63.370341399864728,-15.68148991160456],[-63.380076286585542,-15.668145139718479],[-63.393050974581456,-15.656461113150822],[-63.402621011346405,-15.649856978700512],[-63.413504928730461,-15.640969308765429],[-63.427382690951248,-15.632777783457653],[-63.440967315524347,-15.627765169778737],[-63.451840094427212,-15.625173161777777],[-63.458363350195022,-15.610192300197419],[-63.467326144613871,-15.596880311028634],[-63.481852132613156,-15.582161159777749],[-63.496921912044762,-15.572210662369713],[-63.508281572989169,-15.56725027466843],[-63.513421857573626,-15.56553140231169],[-63.51898840284975,-15.563765996301127],[-63.532899915085594,-15.551662158483687],[-63.541350964293287,-15.546479622041806],[-63.553475747662205,-15.540139321366855],[-63.555205441749479,-15.531428841932076],[-63.559515880009194,-15.518435519694146],[-63.563199712699678,-15.511023912247152],[-63.568986027198967,-15.501515305133241],[-63.576408941376116,-15.492386669446134],[-63.590739700389499,-15.479533355480966],[-63.605150994128984,-15.471432382952644],[-63.614356134123469,-15.46778171834724],[-63.626812021946463,-15.464247948772474],[-63.643358211707344,-15.462148615644143],[-63.659202977670851,-15.463320868575607],[-63.671375581969585,-15.465587547699515],[-63.685493785853431,-15.470483781536602],[-63.698315199684266,-15.477296513557601],[-63.706663624905353,-15.483257008424459],[-63.717220427799163,-15.493027476174197],[-63.726393795590326,-15.504668552440268],[-63.731989955724643,-15.515114277738531],[-63.73608248412264,-15.524800952742449],[-63.738937687464123,-15.535449515082874],[-63.740924932507689,-15.550118455855714],[-63.73982274078174,-15.566608281660955],[-63.736570093054958,-15.579738507297774],[-63.732204174372377,-15.591248551552985],[-63.726033169337775,-15.601882435349397],[-63.717200251429261,-15.613512528039998],[-63.703991904165349,-15.625272073790432],[-63.694589013864864,-15.631045978506481],[-63.683488180431247,-15.636928416071353],[-63.68081835849992,-15.647690172819862],[-63.678083978289315,-15.655944756472755],[-63.671142895417333,-15.669919665333945],[-63.663711019880274,-15.680137497192751],[-63.651642886683774,-15.692381752276562],[-63.639617021741643,-15.700814189035405],[-63.631201376034994,-15.705044793223362],[-63.621447933105074,-15.708909593633644],[-63.612783788406531,-15.711660146722455],[-63.604756668638174,-15.719799567713702],[-63.592636229871403,-15.728760029141236],[-63.576926214476657,-15.736651922686946],[-63.56966152838789,-15.739081547704794],[-63.558666238137484,-15.741707742201598],[-63.552911595011338,-15.75526023367957],[-63.546475852620169,-15.765821912791107],[-63.537511104785835,-15.776829490821189],[-63.527378925272814,-15.785504443604447],[-63.517241403332577,-15.792504540366339],[-63.506256447574408,-15.801477314597317],[-63.491126683640246,-15.810408090126449],[-63.47480812759472,-15.815856362879286],[-63.464806991783462,-15.817862080758424],[-63.440909700436642,-15.818384083221259],[-63.424803493811908,-15.815373352986544],[-63.413201714778964,-15.811225219764088],[-63.398362845145222,-15.803464935483445],[-63.391689546496352,-15.798140341500286],[-63.386081917650671,-15.793599492040395],[-63.384410673330329,-15.800290169797421],[-63.382576838836002,-15.805795890861551],[-63.376926803949182,-15.818747048178043],[-63.368424622445687,-15.830726486813916],[-63.362404606577876,-15.837693327849248],[-63.379449492549831,-15.853489901414768],[-63.387685727330933,-15.865204494736579],[-63.3933710745466,-15.875837661016321],[-63.397316041751495,-15.886923447621387],[-63.400245126434285,-15.900630253894896],[-63.400626609867331,-15.917173394378478],[-63.398826648536954,-15.929827006835147],[-63.394926224695197,-15.943305327335159],[-63.387939658934336,-15.957304729048513],[-63.38059266066697,-15.967363275907264],[-63.370809048687427,-15.97787311353461],[-63.376083476580291,-15.990386627354363],[-63.379790796745418,-16.004273804219228],[-63.381117160130792,-16.020224616460098],[-63.379589238477308,-16.03562295433132],[-63.377345346577101,-16.04459616746016],[-63.371755890405275,-16.0592233246178],[-63.363291054364787,-16.072456716350981],[-63.353427305249795,-16.083857460216379],[-63.355810001765306,-16.101637250113491],[-63.354504921894318,-16.117893741726487],[-63.351387954231633,-16.130346112866246],[-63.347013627285634,-16.141784236738971],[-63.340667591629483,-16.152937627492669],[-63.330224846861768,-16.168385993704593],[-63.316957911284874,-16.181772487154976],[-63.307588543521284,-16.188664342047208],[-63.289876504490714,-16.197512638555018],[-63.275865133514614,-16.201450928324043],[-63.268999167465715,-16.202429405916078],[-63.261939181517491,-16.20339068661599],[-63.25310219243616,-16.208777048630903],[-63.241961580025219,-16.214635017257919],[-63.256465604176384,-16.218569090547557],[-63.270950994039424,-16.225336720977065],[-63.284385161198216,-16.23451751506688],[-63.293245282986739,-16.242718136063317],[-63.301634363099431,-16.252727721063223],[-63.309196039989807,-16.265366867878317],[-63.312496561144059,-16.27375244863812],[-63.316581155477301,-16.285846285337371],[-63.323850748776806,-16.303077458575515],[-63.327129121898118,-16.318410213843315],[-63.327506100689668,-16.334953002492266],[-63.32569828341758,-16.347605620077161],[-63.321785299204613,-16.361082451001931],[-63.314779473177438,-16.375079299022815],[-63.305006799488488,-16.388420923671259],[-63.289943075257725,-16.401926050847457],[-63.274344340872112,-16.411085289675654],[-63.259721457894841,-16.416447969407809],[-63.241902297494633,-16.421797675406221],[-63.228995698553028,-16.423404629141196],[-63.210273396593166,-16.423055528908243],[-63.208885653271423,-16.441099382730471],[-63.205098061524581,-16.456159898312663],[-63.199726265694792,-16.468404471566366],[-63.193348249618509,-16.478794609061008],[-63.18433240491904,-16.489787640146307],[-63.17208465090237,-16.500200974405175],[-63.157349868158128,-16.508837394825928],[-63.142262366989257,-16.514358033738365],[-63.134965725594839,-16.515804830632764],[-63.123189644223508,-16.518030050875517],[-63.137711691948255,-16.531471539120759],[-63.143876440016889,-16.539727574551474],[-63.148113496565813,-16.545951034061641],[-63.157557953232185,-16.554689833545439],[-63.166533413141046,-16.564710285569028],[-63.175583541211942,-16.57907519743662],[-63.181868055263124,-16.596729334141173],[-63.184109089947128,-16.609328982030082],[-63.18434255272642,-16.619876882589779],[-63.183092216228573,-16.633573474752744],[-63.180692660436186,-16.643100281217727],[-63.177924695153479,-16.651348531196177],[-63.170914959978667,-16.665307433478695],[-63.163420863124081,-16.675508200235946],[-63.152297132410666,-16.686684783342944],[-63.143467046887565,-16.693152361085524],[-63.134005281193538,-16.698691054205593],[-63.120834885166531,-16.704192451513972],[-63.106962030834943,-16.707626980517478],[-63.09333010306014,-16.708801847439688],[-63.081454058176206,-16.710479427400927],[-63.073109103408214,-16.710646635437971],[-63.058062121717519,-16.709560055379811],[-63.047963000274123,-16.707190137642442],[-63.039406196038044,-16.704516197893284],[-63.026953385124443,-16.6986962794528],[-63.017909891930351,-16.692983372306454],[-63.006262792121674,-16.683698371127864],[-62.994526978589967,-16.669228149685249],[-62.9868860355542,-16.654929137137255],[-62.983754549317503,-16.646107773198533],[-62.982329679180175,-16.640746197753721],[-62.979855639551268,-16.627463366954661],[-62.975755484729937,-16.617014098977343],[-62.97334181763199,-16.607928561282389],[-62.97233966821809,-16.600360938906544],[-62.971411325713376,-16.580183568170181],[-62.966309555920105,-16.581779356539794],[-62.969527216360895,-16.599988334212259],[-62.968336480635728,-16.621494419356164],[-62.964038750094204,-16.636175679048904],[-62.958475211221895,-16.64880352055463],[-62.95121098683817,-16.659478827531647],[-62.941586992827368,-16.670686865695767],[-62.929654242017335,-16.679965203838854],[-62.919245600091685,-16.68604386392137],[-62.907042321047783,-16.691302846312499],[-62.891300243067803,-16.695183000138016],[-62.87411615048125,-16.696711637075261],[-62.856080145184627,-16.694575659789454],[-62.842345412066905,-16.690831331619037],[-62.828114418156552,-16.684162979493347],[-62.82272482401811,-16.680750747242605],[-62.817913101509646,-16.677600963064734],[-62.810451555798089,-16.686654580984435],[-62.803867951726062,-16.693246205857406],[-62.793461666928152,-16.701325304443998],[-62.780327683649865,-16.708596985474195],[-62.771157134860857,-16.71193026671158],[-62.761216609602677,-16.715026434218743],[-62.769720089706631,-16.715926482599411],[-62.777742665064011,-16.717065231827473],[-62.788437323109662,-16.711770126881305],[-62.802583252021499,-16.707119570893376],[-62.812532370708048,-16.705165394195134],[-62.835882687234687,-16.704726078964452],[-62.851875508811986,-16.70774736501038],[-62.863048093799712,-16.711756758511374],[-62.871296440708427,-16.715619744589922],[-62.882569442466576,-16.722751572576406],[-62.89314843396609,-16.731445076847354],[-62.902372605060222,-16.742467413599357],[-62.910392513282524,-16.754924447031367],[-62.92253260293964,-16.767876336377391],[-62.930657062442002,-16.780328517175931],[-62.936572780822914,-16.793511306240724],[-62.940013423344247,-16.806459486938351],[-62.94190205539622,-16.823249808524881],[-62.954671839690491,-16.836626298937599],[-62.959902102243696,-16.844060411234871],[-62.967158145577343,-16.857630377947416],[-62.970278797936153,-16.866413744767417],[-62.973203234626382,-16.878940455691158],[-62.973668686916263,-16.901037990851439],[-62.970557781948571,-16.916366645351172],[-62.964928336054768,-16.930942909277142],[-62.961039791748604,-16.937541823194252],[-62.958202066122233,-16.942043627719784],[-62.958700178519521,-16.965778384884771],[-62.956428929763518,-16.976962617400932],[-62.951991638325659,-16.990110032981026],[-62.947452815146285,-16.999106311401331],[-62.939901469536352,-17.010181412271582],[-62.930998134817791,-17.020017243492003],[-62.919663457466861,-17.029164493865576],[-62.909700917065607,-17.034970892510245],[-62.894993470255734,-17.041296114169832],[-62.878288701710566,-17.045025077477295],[-62.856402728223848,-17.045440473892818],[-62.845206335564669,-17.043678866958867],[-62.832886762265481,-17.040325428582349],[-62.815419205718584,-17.03215448222716],[-62.803786719873052,-17.023841877835203],[-62.798882622256748,-17.019299470690822],[-62.792717838423897,-17.013113285973311],[-62.7776563846991,-17.017480962801454],[-62.765647528220669,-17.019155545647632],[-62.7449063094191,-17.018723205105669],[-62.734578100406424,-17.02686403523516],[-62.730793397428101,-17.029555444811209],[-62.73449567562254,-17.044959351557555],[-62.734896802786302,-17.065209631180718],[-62.732694858648962,-17.078108196459503],[-62.727307314362264,-17.09400072485478],[-62.720404043419649,-17.10598503690581],[-62.711250278457825,-17.117823326299206],[-62.693028182012107,-17.134171470665805],[-62.682411658536935,-17.140339372170182],[-62.676884433960005,-17.143065798984015],[-62.667049445934701,-17.146882713453941],[-62.652197742490728,-17.15051534588903],[-62.640380212082668,-17.151461925991999],[-62.632378167112456,-17.151890442487865]],[[-63.197200456806897,-15.983272122170378],[-63.197866799672433,-15.982673710686786],[-63.208287760166151,-15.970262262280118],[-63.210196250815805,-15.966764375304612],[-63.207286750349745,-15.965278544476654],[-63.196637393193612,-15.976550618023241],[-63.197200456806897,-15.983272122170378]],[[-63.038423798442267,-16.503170826549773],[-63.044090186917764,-16.501298480602927],[-63.052000560094413,-16.499994848037108],[-63.05765786512336,-16.499104815531599],[-63.043646639594748,-16.486123485700571],[-63.037900273965832,-16.479133172015342],[-63.038423798442267,-16.503170826549773]]],[[[-64.391557884667549,-16.786843397940579],[-64.391103266818547,-16.78637738472025],[-64.382273386778948,-16.784815014786819],[-64.372906844334963,-16.782517560681381],[-64.358420424827798,-16.776344660566597],[-64.348210439872858,-16.770413916857184],[-64.33733781198471,-16.761452366918359],[-64.332044416288326,-16.75602186321343],[-64.325654303432572,-16.748299431354603],[-64.31987804805361,-16.738975122042465],[-64.316738148225383,-16.732672812900404],[-64.313405340983138,-16.72458429598522],[-64.309988529351912,-16.711154302141541],[-64.308801803565927,-16.687004595899534],[-64.310765480258468,-16.673714862889899],[-64.313506712772565,-16.66335373639054],[-64.318519773641896,-16.651364975037524],[-64.32627429729537,-16.638972699780275],[-64.335017510459593,-16.628473404891093],[-64.346710237147846,-16.618793492550587],[-64.356346045061201,-16.612704899410836],[-64.369925729735471,-16.606416293737112],[-64.383891694564213,-16.602562649894928],[-64.402527327969437,-16.600523903083538],[-64.417737211606607,-16.601948054265783],[-64.427667508048017,-16.603880565788298],[-64.439719128047003,-16.607860356921339],[-64.453654013362822,-16.614846264687042],[-64.466323282795827,-16.624072748331638],[-64.476560634590484,-16.63456912233239],[-64.485530879568699,-16.647745784493615],[-64.490332804046517,-16.657368055513945],[-64.494460121029491,-16.669615533149898],[-64.497120022031638,-16.684967906342045],[-64.496383703113779,-16.70706026542322],[-64.49346911997479,-16.7210062916946],[-64.488872050950661,-16.73395491389611],[-64.481369188170618,-16.746635755540414],[-64.47365460488767,-16.756479191514732],[-64.462512661639522,-16.766573769605568],[-64.454099194123813,-16.77261102609047],[-64.441398747010879,-16.779444513433152],[-64.424290806118108,-16.784793562302958],[-64.415329602572811,-16.786232144159651],[-64.391557884667549,-16.786843397940579]]],[[[-63.774298576932615,-15.369058841983998],[-63.77384035212129,-15.368599374038629],[-63.764863370129859,-15.366931107699669],[-63.756142089296134,-15.364794088234593],[-63.741749627212315,-15.358600420328065],[-63.73089231544256,-15.352260475927409],[-63.716660081234423,-15.339641280175353],[-63.70848287793158,-15.329699650207393],[-63.700488360131573,-15.315511839575137],[-63.696154085583387,-15.30430134239317],[-63.693002806083179,-15.288895185720616],[-63.693402054443617,-15.266389498732794],[-63.695503200589869,-15.25626641454827],[-63.702974817216841,-15.23484918161933],[-63.709259514402582,-15.222909195532692],[-63.714426233893803,-15.215456120520413],[-63.721846856349593,-15.207045720248658],[-63.731336656442792,-15.198132779265197],[-63.741518263224805,-15.189897225257285],[-63.754105695837858,-15.183093555938889],[-63.767891186409734,-15.177759223979434],[-63.783884527914168,-15.174669744425163],[-63.807447897544016,-15.175053554831315],[-63.823659422020128,-15.17865492495214],[-63.83729036534649,-15.18432293102736],[-63.849751575437317,-15.191870623653665],[-63.861873803571626,-15.20214470527781],[-63.869673960612602,-15.211620893087552],[-63.876437010339195,-15.221550042529453],[-63.882263622506407,-15.234728991775006],[-63.885538680583615,-15.245830418873872],[-63.887977821140581,-15.263663813422484],[-63.886110309431707,-15.280225534861479],[-63.882111015990986,-15.295633360458202],[-63.86936638453416,-15.321696687382863],[-63.862864963660563,-15.332195561150151],[-63.848914435434857,-15.34693103211945],[-63.837084608238534,-15.355509963404199],[-63.820856782353246,-15.363224012425217],[-63.811021011544028,-15.366360788378584],[-63.799899149921174,-15.368509243098162],[-63.774298576932615,-15.369058841983998]]],[[[-63.885319508348417,-15.182419834646844],[-63.884878229474538,-15.181944138575163],[-63.876276446721796,-15.180419661118986],[-63.866463089469569,-15.177907809636062],[-63.853181360854769,-15.172118651313159],[-63.841309965210087,-15.164842441779987],[-63.829243172052685,-15.154511490465771],[-63.820780156962961,-15.144053725640699],[-63.814154222155665,-15.133093141117367],[-63.811772427339982,-15.128101155492548],[-63.807103467067755,-15.115532095186271],[-63.804960010296391,-15.104597478470343],[-63.803542415956365,-15.089137379527044],[-63.82705515950915,-15.088945602753199],[-63.850567729956545,-15.088751387198988],[-63.87408012304968,-15.088554732990124],[-63.897592334539851,-15.08835564025433],[-63.92110436017856,-15.088154109121316],[-63.944616195717529,-15.087950139722798],[-63.968127836908657,-15.087743732192477],[-63.991639279504035,-15.087534886666052],[-63.99330386698643,-15.089343579181925],[-63.991251647667582,-15.10690577580325],[-63.987549474283469,-15.11925482495006],[-63.982276712688481,-15.131035338747555],[-63.972790452959856,-15.145467177564154],[-63.963066322410384,-15.156393395532039],[-63.953046791210291,-15.164855568463786],[-63.941699319367721,-15.171931871472902],[-63.931347483611255,-15.176598323790481],[-63.918452803935438,-15.180523417545889],[-63.909696002366104,-15.181885077675219],[-63.885319508348417,-15.182419834646844]]]]},"properties":{"FID":0,"Id":1,"gridcode":1,"CLASE":"Baja"}},{"type":"Feature","id":1,"geometry":{"type":"MultiPolygon","coordinates":[[[[-63.812799350159374,-17.470553764231365],[-63.812344325929168,-17.470086493056755],[-63.805999740654741,-17.468663432271168],[-63.797760503830787,-17.465453994556995],[-63.786481394936452,-17.458070894810088],[-63.772795099250096,-17.444008761059795],[-63.765381510842047,-17.431169022684678],[-63.764098931947863,-17.418494001257727],[-63.767708863713409,-17.411880655125852],[-63.774994476309793,-17.408545347920111],[-63.782521501300103,-17.40880216451492],[-63.793901042723327,-17.411616801867822],[-63.804043060707485,-17.415568885129769],[-63.809838622590384,-17.418482920013979],[-63.822128425460193,-17.426527460341031],[-63.833102940542979,-17.437798825857275],[-63.837096665418159,-17.447517289575092],[-63.836724287946694,-17.457654558261943],[-63.832709746970067,-17.46501373284018],[-63.824311261748626,-17.469799591436669],[-63.812799350159374,-17.470553764231365]]],[[[-63.942309112879983,-17.382312083025639],[-63.941854003246576,-17.381845108525781],[-63.935116613209409,-17.380642838942059],[-63.926333241816678,-17.377226245990006],[-63.919382935893779,-17.37268097358141],[-63.911999503877276,-17.365101565883467],[-63.905684750282823,-17.355381234013823],[-63.901916420249044,-17.346215642723539],[-63.899911484593723,-17.338296501489932],[-63.898284472858627,-17.326415402275966],[-63.900552458491525,-17.311323151124533],[-63.905866795189226,-17.296536211920966],[-63.914986004764891,-17.274917774946992],[-63.918469034023126,-17.266202026439782],[-63.921254888131855,-17.257605489782065],[-63.925399643306143,-17.239677013215182],[-63.92738764876686,-17.232241666197915],[-63.933025956046258,-17.220059946891489],[-63.941212445411317,-17.208506784876594],[-63.950255875023984,-17.20037396806827],[-63.960500004774971,-17.194228741217838],[-63.97357028017349,-17.18952819198411],[-63.987323447916296,-17.188242842478932],[-63.997007549091094,-17.190140765043239],[-64.002895054050953,-17.192091553620944],[-64.008392659282265,-17.194852610741126],[-64.015203175547668,-17.199306859023682],[-64.023135007756778,-17.207448550482361],[-64.027325463052563,-17.213613377506835],[-64.030829953998222,-17.220652990131718],[-64.033905026211244,-17.231039674212049],[-64.033295583386973,-17.24812122338092],[-64.03136501618998,-17.257230144832736],[-64.024857654206599,-17.273881114937836],[-64.01456307864197,-17.296875340620957],[-64.010997849868758,-17.307893537590918],[-64.006514841842716,-17.329143295291328],[-64.002160852489396,-17.34281739056901],[-63.99442534061447,-17.357034734041019],[-63.986336028848335,-17.367273790840912],[-63.977431542470391,-17.374373939542895],[-63.965036740162759,-17.38006472096507],[-63.955913483338058,-17.381782725949368],[-63.942309112879983,-17.382312083025639]]],[[[-64.146052465870156,-17.29990715041161],[-64.145614093848991,-17.299424227277427],[-64.141441109888461,-17.298243055891128],[-64.133476169228558,-17.29403321642522],[-64.127774408687401,-17.287750339764493],[-64.12334920327838,-17.281049947035239],[-64.120045291592845,-17.27244580476815],[-64.119037728055915,-17.260793084668968],[-64.122010379654242,-17.251051516763631],[-64.127528563486422,-17.24244503192303],[-64.13609025537383,-17.235272476184242],[-64.145483753819619,-17.231180430672225],[-64.155300345756572,-17.229844766096427],[-64.16521908218418,-17.23186411318617],[-64.172487304146173,-17.235705754204965],[-64.177198873743833,-17.24089701456656],[-64.180776052631714,-17.248475601845662],[-64.182450416888102,-17.260213259924633],[-64.181818674675284,-17.268394169629094],[-64.179795215387387,-17.277577052136603],[-64.17718024908929,-17.284549413272895],[-64.171633153873856,-17.292163103009539],[-64.164332763529515,-17.297263737808116],[-64.158604896212097,-17.299389755504123],[-64.146052465870156,-17.29990715041161]]],[[[-64.379255812485127,-17.28488319257006],[-64.378791483729202,-17.284425481074255],[-64.37330508795965,-17.281914563224621],[-64.367672767955909,-17.276789084879471],[-64.361894628172877,-17.266197532030933],[-64.358894062911943,-17.255268623065323],[-64.357113795282345,-17.242594341177163],[-64.355280108048461,-17.213902638631286],[-64.352927336120899,-17.207096819357183],[-64.347678701667164,-17.198341817791189],[-64.340469967562314,-17.192827389668849],[-64.331568005992438,-17.189964461543802],[-64.309536261157618,-17.188383111777437],[-64.294904197018852,-17.185735242928498],[-64.283653133257545,-17.182305129060698],[-64.25973720765802,-17.174172255013392],[-64.250185371088079,-17.16880136298316],[-64.242239361580161,-17.160058577485451],[-64.23974185303517,-17.155470150339674],[-64.230698859302208,-17.134647860975026],[-64.222222482609965,-17.119851671909938],[-64.213679689651741,-17.11140811947725],[-64.20229779001825,-17.10585520563772],[-64.18518203931076,-17.102258646770618],[-64.167067144097231,-17.102008352715988],[-64.136524728518879,-17.105185771350666],[-64.112890400367746,-17.104238450093042],[-64.096974714866874,-17.099367567109329],[-64.086397807527234,-17.093825829100481],[-64.07707137466889,-17.08648931516106],[-64.070129311001722,-17.077790216186074],[-64.066417374666472,-17.070951916276382],[-64.064329940648534,-17.065188895194726],[-64.062339019090487,-17.05431884138277],[-64.064807276755019,-17.042892974621051],[-64.069455758583075,-17.033545930124092],[-64.080074537339129,-17.022795562001189],[-64.089766223135513,-17.017926454698642],[-64.101271863053185,-17.01502353307518],[-64.116011148435035,-17.014653727422324],[-64.126578879008775,-17.016578090949363],[-64.137578079970552,-17.019944774079597],[-64.158623221346971,-17.029593579511925],[-64.179670409999233,-17.039240065163121],[-64.189662063633904,-17.042465116176228],[-64.198169789360804,-17.043610172079791],[-64.208562464233353,-17.04159454114053],[-64.217526372430214,-17.037344713210693],[-64.225921219472212,-17.03197726635074],[-64.235188644029137,-17.024816944689775],[-64.260806811096174,-17.001051808556561],[-64.281398854561161,-16.985813193114435],[-64.29336444113045,-16.978464020916707],[-64.298052142737106,-16.976102226165356],[-64.307673781154435,-16.972274778718678],[-64.317093590201409,-16.97035478892295],[-64.331574240465514,-16.971376328008265],[-64.341017459286022,-16.975161346891216],[-64.350053968330258,-16.980777713400926],[-64.359145069792262,-16.990780272545603],[-64.363346303614108,-16.998495343847569],[-64.366060197065579,-17.005954636896515],[-64.3705520220621,-17.025005534220856],[-64.374173177308847,-17.030238694298291],[-64.381372397749175,-17.034862356555017],[-64.390109543532731,-17.038553843103227],[-64.413027338370028,-17.047972016028879],[-64.426737193185517,-17.055671619277305],[-64.434458037527563,-17.061724125588185],[-64.448135083168637,-17.073125681520136],[-64.455876163026673,-17.076891162687154],[-64.464672017144323,-17.078062921976073],[-64.472859237009487,-17.076720004589625],[-64.504391639714058,-17.066080038331666],[-64.521929292176068,-17.062147883046151],[-64.533995340132222,-17.060074513493461],[-64.561620459278146,-17.055532387020559],[-64.57011251887424,-17.052808841205632],[-64.602613679348039,-17.039246747675591],[-64.614882290540592,-17.035895939878099],[-64.631874881613058,-17.032563472742343],[-64.64066402739725,-17.026917976495771],[-64.651708036478581,-17.013526128668932],[-64.660637025508279,-16.998576522313002],[-64.672664570774074,-16.976338372637326],[-64.681008859197718,-16.96385912813993],[-64.690623972590458,-16.952475248421806],[-64.702976895035974,-16.941541619957359],[-64.716263393597231,-16.933340600153667],[-64.725751820169066,-16.929542625316344],[-64.740423200245559,-16.924301071639643],[-64.748367997588474,-16.919669003585767],[-64.755696290408551,-16.911340932015403],[-64.759818135961524,-16.901301862335178],[-64.762816096675053,-16.887337447975163],[-64.765967033685811,-16.87102277768593],[-64.768749861034166,-16.861185964541981],[-64.773338189410211,-16.849682953005193],[-64.778801693609964,-16.840635696861494],[-64.786290222915412,-16.831368987128997],[-64.797234906062229,-16.823219338093661],[-64.809833892386663,-16.816827726355257],[-64.819560648591349,-16.814023144408406],[-64.831987923716071,-16.811867799374301],[-64.852926933405499,-16.812705173394765],[-64.865112176713367,-16.815166171455306],[-64.881714127557714,-16.81860441134441],[-64.899093085159478,-16.818786151113414],[-64.912792903166974,-16.816078165301214],[-64.925336496790266,-16.810810790389745],[-64.938919868559935,-16.802049127298474],[-64.944417738147834,-16.794069340027022],[-64.945497351844466,-16.786429592267044],[-64.946452586777511,-16.762909737154619],[-64.949671190183125,-16.749624499301586],[-64.956526562952604,-16.735661889468467],[-64.9625228768017,-16.727704785976627],[-64.974486481737003,-16.717201929293012],[-64.991045401832849,-16.708779418749781],[-65.000052547866233,-16.705710810522927],[-65.014485480268576,-16.701996338037809],[-65.033313204740438,-16.699748514717157],[-65.050403053118316,-16.701131556795353],[-65.063802898315018,-16.70413884704864],[-65.074602011681804,-16.708429731787874],[-65.08662551267075,-16.715854478720953],[-65.094231272779965,-16.722749773168946],[-65.102950466364831,-16.733583190647089],[-65.118481558254999,-16.758734016531001],[-65.126559173027786,-16.769459092773971],[-65.133759103022342,-16.776525010857764],[-65.141267952930519,-16.78189201212734],[-65.150887975751772,-16.787096473082418],[-65.177521679351798,-16.800143189770047],[-65.192259906800118,-16.80998025631315],[-65.202944484118419,-16.821248674275509],[-65.211315493494084,-16.834892685415888],[-65.217087393450996,-16.850557044753632],[-65.219932871158647,-16.863209926503107],[-65.223757133757701,-16.882456079725866],[-65.226036868154452,-16.888968791334442],[-65.229800436052642,-16.896227312730165],[-65.239163993012852,-16.90539912748638],[-65.26328975913205,-16.923383473081746],[-65.288166420232812,-16.945373273644762],[-65.300644142665902,-16.953310693314492],[-65.309419467985435,-16.956091197576761],[-65.321126060115049,-16.956188372538445],[-65.333572608584788,-16.951574934423927],[-65.340283934147521,-16.94521931979078],[-65.343007613607185,-16.937251532076566],[-65.340221295114517,-16.924333167250598],[-65.334586528917185,-16.911965959336246],[-65.329577684290726,-16.903471585137339],[-65.319291354186817,-16.887019497720079],[-65.314421545345468,-16.873828838352537],[-65.310034572126426,-16.851803564987843],[-65.307417448543717,-16.841966254685801],[-65.302952681291913,-16.829223834250108],[-65.291352840453513,-16.805023813324688],[-65.286123367667386,-16.790843915349967],[-65.283994280523302,-16.779602541234631],[-65.283427082438806,-16.762485771360279],[-65.285135247152752,-16.751587657241817],[-65.288842519217894,-16.740132651476767],[-65.291567229432061,-16.734558565306941],[-65.297042549923731,-16.726305300467029],[-65.303651886607454,-16.719521269168123],[-65.322390944056949,-16.703929673560886],[-65.330517023007459,-16.693354501208539],[-65.334238333412031,-16.686187618458419],[-65.337876658858292,-16.675536919217478],[-65.338919145422125,-16.67032084585658],[-65.342189603727121,-16.652194290542457],[-65.345853118440203,-16.639086510622288],[-65.351792277648428,-16.623572833493562],[-65.358972797393236,-16.608864525924453],[-65.364784945825591,-16.60009287961477],[-65.383016190074741,-16.581355890001078],[-65.404609682195058,-16.561736444866426],[-65.414817108578319,-16.554078658675305],[-65.42414194846846,-16.548475421195736],[-65.44024091285003,-16.541147697304215],[-65.45568276370804,-16.537136668678489],[-65.472506233953879,-16.536606666610098],[-65.48748386313342,-16.539242487667391],[-65.500331195626458,-16.542863121231569],[-65.520845513897868,-16.548721455274865],[-65.530987064919472,-16.550597231720456],[-65.537342719646588,-16.550644980535029],[-65.545494622617056,-16.549006572277285],[-65.560372243134765,-16.541818318651753],[-65.575548321292473,-16.534039325540164],[-65.585026510700274,-16.530193535095894],[-65.595614058103422,-16.527435678208459],[-65.607779012060107,-16.526192360086458],[-65.625869633738205,-16.52474432158894],[-65.633761363554456,-16.52278280844963],[-65.652156356091609,-16.514268096374341],[-65.664278462982864,-16.511106128798978],[-65.677291572776767,-16.509101284841748],[-65.690564430243185,-16.508669313510335],[-65.703984546961593,-16.511017246310821],[-65.713932834168432,-16.515514808410977],[-65.721802305058745,-16.52098508229712],[-65.729470295419489,-16.529898613402146],[-65.734211794917911,-16.540087436005223],[-65.736380777344891,-16.549638591977029],[-65.735188896586678,-16.562084340863613],[-65.730573240631159,-16.574582760344381],[-65.724732311038593,-16.583935255535085],[-65.718658736602123,-16.592064434639919],[-65.707066608603128,-16.60401824897728],[-65.69794453466001,-16.610881267520604],[-65.680153426281734,-16.623399672150768],[-65.656450738326953,-16.644995653122098],[-65.651754730991968,-16.651868909408059],[-65.642573108347392,-16.668916979134217],[-65.628703670847599,-16.692437129682705],[-65.623467391796922,-16.707840231111831],[-65.622512503788514,-16.71477463643653],[-65.621713690304347,-16.750116330502848],[-65.61960194406123,-16.763746157511392],[-65.61664988922189,-16.777570347559642],[-65.611913142040422,-16.792290065315662],[-65.606157900248164,-16.80584263218303],[-65.59882510449556,-16.818690837442471],[-65.591429053621212,-16.827921617527746],[-65.58219614889633,-16.83529362627651],[-65.569688998856307,-16.841698493771979],[-65.559186009132617,-16.844431004660908],[-65.549297947421636,-16.845773421206765],[-65.531903141368261,-16.847480383266166],[-65.523396187899536,-16.849588915616572],[-65.518403878910618,-16.851556304136409],[-65.5038367917291,-16.858348775823771],[-65.485725548707535,-16.866013385890319],[-65.477220108093775,-16.870114652203092],[-65.465845093432279,-16.876506784876],[-65.449624552746201,-16.887567917976543],[-65.44077352169829,-16.895960920472604],[-65.434824105835759,-16.904639976176789],[-65.431091147521983,-16.913823605294454],[-65.431032438281875,-16.920842821276779],[-65.432624075083638,-16.92680613188228],[-65.437261228677755,-16.934117563862504],[-65.442946761244684,-16.939673707319606],[-65.451817494008154,-16.945307190933317],[-65.462672304564705,-16.948737962837992],[-65.471714329740152,-16.950406717403286],[-65.498622940228032,-16.952889292050525],[-65.509643678431971,-16.955332309092462],[-65.533282359321092,-16.961968214255073],[-65.549510791069466,-16.968360782490475],[-65.566135835629467,-16.976671074849268],[-65.576022403013653,-16.98557474415864],[-65.580739373657778,-16.992842209089762],[-65.583242399302534,-16.999587026837609],[-65.58363667303297,-17.010873190752871],[-65.580899217821155,-17.019369601519994],[-65.575817253226191,-17.027045899813483],[-65.5631096718501,-17.041470945886317],[-65.550392433547529,-17.055339635760976],[-65.537013777734046,-17.067137704327099],[-65.526361232146755,-17.073534307551235],[-65.515190499165712,-17.078055003858928],[-65.505004077638276,-17.080193551851952],[-65.494499979416972,-17.080529276199108],[-65.481860419387175,-17.078989973953671],[-65.463742559627562,-17.072945117429409],[-65.448686778336892,-17.064778056445597],[-65.440297288535263,-17.059630678956555],[-65.431898033178896,-17.05404946233843],[-65.408877241721868,-17.038428056616748],[-65.396621013481692,-17.031828982824869],[-65.385854014077026,-17.028424523005558],[-65.375285831035768,-17.028340781504152],[-65.365171476021217,-17.030363047558676],[-65.347781034439635,-17.037196014391849],[-65.321430921143119,-17.049615731559928],[-65.311689143709032,-17.051840770760862],[-65.294103340162621,-17.054273923030664],[-65.285063414931855,-17.058086330743365],[-65.277550583769568,-17.063575248333937],[-65.271689930790501,-17.06911909760144],[-65.261496113416399,-17.080757707177362],[-65.246006023465824,-17.102679356003875],[-65.236832943817021,-17.113596216185673],[-65.230788396579541,-17.119786516585144],[-65.224517338998055,-17.124471921076506],[-65.216289528143818,-17.128662525887943],[-65.20855711909644,-17.130658213762374],[-65.19611285434388,-17.131038128116938],[-65.184519262870353,-17.128028955182909],[-65.176071124335365,-17.124200077726481],[-65.167324857507737,-17.118819289484431],[-65.160028378157023,-17.112226728314113],[-65.153899009090608,-17.104635090035917],[-65.150188318689075,-17.097892072400324],[-65.142494057197609,-17.083057683051582],[-65.138460385564585,-17.079107658364698],[-65.132731549822608,-17.077288805724137],[-65.124904181828299,-17.080274048814573],[-65.107339513102218,-17.092896203810998],[-65.091893823638287,-17.100752093015775],[-65.085258603352059,-17.103012968937183],[-65.073970984609886,-17.104983879191547],[-65.055977471453403,-17.103980268389684],[-65.043461912605721,-17.10021406319569],[-65.018915912284669,-17.089295781662134],[-65.010110542448075,-17.090596048164507],[-65.005620389348223,-17.097110077846605],[-64.998591481964525,-17.113911276733401],[-64.991538491284501,-17.124490708049688],[-64.978872173846,-17.137428492515237],[-64.966979482446092,-17.145349814857756],[-64.940064745094332,-17.159540088142645],[-64.921738758730555,-17.166890970420418],[-64.914137843490892,-17.168840820749498],[-64.900865930409566,-17.170833525155281],[-64.886461781732521,-17.168549262665646],[-64.874834380670919,-17.16504146587982],[-64.862803041605574,-17.159567022674697],[-64.847650148684465,-17.151106407052303],[-64.837322596211337,-17.143890755841912],[-64.819078201351999,-17.130838311380302],[-64.807387801004637,-17.125179785739533],[-64.796500700864684,-17.121328259610593],[-64.788771667916052,-17.120131155436283],[-64.784537575070402,-17.12215262124715],[-64.782172927500568,-17.128999727429804],[-64.780751359135451,-17.155296341227057],[-64.777220664784068,-17.167766429385388],[-64.774035948293644,-17.174226712363364],[-64.766690215642811,-17.185214218702757],[-64.754356862105155,-17.197779497930803],[-64.746756660073942,-17.203427196082519],[-64.72973175031683,-17.2150450380142],[-64.704753486384618,-17.238540811518011],[-64.690396313204133,-17.250893767055299],[-64.679010635595461,-17.259346484130312],[-64.66802855561528,-17.264898685862264],[-64.657337392684113,-17.26762567448554],[-64.625246222719326,-17.272399454811111],[-64.60256667023782,-17.275534228915259],[-64.575217326859146,-17.279365265438305],[-64.554639216027653,-17.278378922829745],[-64.544586167483246,-17.276106488233239],[-64.535144931594715,-17.272612132666971],[-64.524325117135277,-17.266826691792122],[-64.515720451264698,-17.260377273068364],[-64.501894711989323,-17.248873642997559],[-64.491739025738894,-17.24394173664647],[-64.480284260772834,-17.242151285826747],[-64.466705469712593,-17.244678772170925],[-64.452290521884237,-17.250263352303815],[-64.438863023499252,-17.258053455513146],[-64.422973143149363,-17.268164447625004],[-64.407081472724528,-17.278274300003709],[-64.399169925752631,-17.282260146797508],[-64.392982792313845,-17.284342924526964],[-64.379255812485127,-17.28488319257006]],[[-64.583985841196935,-17.246322267514614],[-64.612628738829912,-17.24563746425796],[-64.621766726214616,-17.2441324065319],[-64.633614762575974,-17.240331756927436],[-64.644635826426608,-17.235082274253244],[-64.674664776045219,-17.214936714894687],[-64.68795404145672,-17.204874575871202],[-64.701772959046522,-17.190179078156142],[-64.71210636560545,-17.175244134941718],[-64.718749392748506,-17.162573855764826],[-64.72182078303878,-17.153691025750906],[-64.722007050388427,-17.138177965149104],[-64.718929685812384,-17.129327166069785],[-64.711459492474333,-17.118579204351487],[-64.699986652635161,-17.109044127331856],[-64.684770479361177,-17.101666370814009],[-64.670824399739487,-17.097909936261861],[-64.654909341635019,-17.097728182433901],[-64.646488082131839,-17.099775266542874],[-64.638657226715651,-17.102819270654606],[-64.62218215998486,-17.11260914612421],[-64.610968324763519,-17.116400428527189],[-64.607939318085315,-17.116484081709977],[-64.600846553258904,-17.114880818012196],[-64.591917567198934,-17.108624333109681],[-64.57561434272634,-17.094436015710574],[-64.565597536359107,-17.088018560377655],[-64.554718900425357,-17.083872076742153],[-64.54574777485675,-17.081733777962228],[-64.52242409123734,-17.081452446116334],[-64.511083022001927,-17.083669855476849],[-64.50336684359624,-17.086141760390138],[-64.494778328508829,-17.08947320795269],[-64.47207864886613,-17.100930274465934],[-64.458513334678727,-17.106691319766618],[-64.449115566773045,-17.108612749282557],[-64.437922089810868,-17.107662636689213],[-64.431222634855189,-17.103506166313636],[-64.427765928504172,-17.100358965663013],[-64.423419248678869,-17.095257403993731],[-64.412277647955321,-17.081942197738105],[-64.399026325241209,-17.072914527937225],[-64.389751694783783,-17.069370209350467],[-64.378654788228289,-17.066715304950414],[-64.364702713378506,-17.065095692840121],[-64.353489535647029,-17.064950808070193],[-64.337509910666967,-17.066310649585148],[-64.320625539334131,-17.070387044478711],[-64.308182181500655,-17.074925960725725],[-64.297773240773395,-17.082129086596826],[-64.29115315642521,-17.090124445522534],[-64.288164421756989,-17.097347255880191],[-64.28804888439015,-17.105403683858963],[-64.289667887080981,-17.113107287856227],[-64.29376863763045,-17.12291362511689],[-64.30304761825559,-17.136325591287811],[-64.313523175098709,-17.146668309833995],[-64.320187786054063,-17.150948549142292],[-64.331498824966545,-17.15572795108865],[-64.350463798834866,-17.161839594406384],[-64.369429894355093,-17.167949364804901],[-64.388322791182048,-17.177739608800874],[-64.411844619939259,-17.189343166531625],[-64.429329654817764,-17.204842636933311],[-64.439161673964122,-17.207190093876491],[-64.461236152678282,-17.209238143267356],[-64.483935780622829,-17.213702048039426],[-64.498206288495737,-17.217456669016766],[-64.510946355160627,-17.222176145154162],[-64.535884314017451,-17.234284201985165],[-64.546944885276773,-17.238496922171279],[-64.56065624854547,-17.241761180042516],[-64.58352115111586,-17.245865059300744],[-64.583985841196935,-17.246322267514614]],[[-64.855781267672867,-17.060577313591118],[-64.882555335916194,-17.059888010298035],[-64.883870058892555,-17.059850002465289],[-64.901090707633614,-17.057569348314942],[-64.918144131904498,-17.053193925484081],[-64.942862953171883,-17.047727490707182],[-64.950639856621791,-17.045730549412397],[-64.979978035488756,-17.036355407597934],[-64.988377469820634,-17.033987515453919],[-64.998329494877595,-17.031549994358311],[-65.013073569116742,-17.029091299511958],[-65.038554163554664,-17.02766302457578],[-65.059809293536119,-17.029346797894451],[-65.067012957075704,-17.029132066016704],[-65.077272558870916,-17.026162048277591],[-65.086028850376366,-17.018935860771908],[-65.0915971108072,-17.009687555739337],[-65.095277479639194,-17.000420647779098],[-65.098065004506012,-16.98888288177881],[-65.097611673491343,-16.974863110215818],[-65.092453457905734,-16.958371175847134],[-65.089602443226212,-16.947614499152383],[-65.086805939615573,-16.928448677533002],[-65.088839226456415,-16.91619050300578],[-65.093319201859416,-16.910379736359349],[-65.1031099322866,-16.910471629984624],[-65.114791450563771,-16.916788570146231],[-65.133402038154188,-16.928651794778325],[-65.144259137262182,-16.937232573179941],[-65.149984120550684,-16.946288056353797],[-65.152415489426375,-16.953239286208127],[-65.15385300977799,-16.965944853503807],[-65.154922728300448,-16.972486682757282],[-65.157054143631086,-16.978270878427168],[-65.161107332808228,-16.98564166989695],[-65.167860484828864,-16.993512302137191],[-65.174776180867553,-16.999765311730474],[-65.181949331499311,-17.004763825790878],[-65.191256400860155,-17.009945295080463],[-65.20202514105101,-17.013898067942787],[-65.213752470061934,-17.014971920430629],[-65.221229531361558,-17.013041066864808],[-65.230499709784283,-17.007492652257184],[-65.237213379764725,-16.998567329079037],[-65.240691245403752,-16.987838732311399],[-65.240344854420385,-16.977371632758903],[-65.237328426652084,-16.966559334888377],[-65.231475074692398,-16.953935490693578],[-65.225327228752136,-16.944423302998231],[-65.209726357995876,-16.927404368030182],[-65.205501666084984,-16.922391646131864],[-65.200038462113866,-16.911853602558519],[-65.196509824794759,-16.898565498367351],[-65.1942257739871,-16.871448871831632],[-65.191910150991063,-16.85729176527575],[-65.186083401424042,-16.84147291721181],[-65.177643427378172,-16.829762231312987],[-65.163965999810102,-16.817380968324819],[-65.148671188955902,-16.808454345713756],[-65.131356436881717,-16.80175481336941],[-65.116237431218863,-16.795119457058941],[-65.104746659154657,-16.785589291179555],[-65.098773590715879,-16.777996734859272],[-65.084954823192021,-16.756099057043123],[-65.078023870136732,-16.746466457283731],[-65.063822049869046,-16.73359043538148],[-65.056397215546554,-16.72900492231636],[-65.045950396918784,-16.724853606279233],[-65.033909024494008,-16.7230865733172],[-65.02307480091018,-16.72340605880968],[-65.01173849630986,-16.72632393445226],[-64.999777884464578,-16.732409022505383],[-64.989826231045342,-16.741016491701],[-64.983637235563208,-16.750313139113995],[-64.979532802292098,-16.759893393619684],[-64.973990946495661,-16.784336300476369],[-64.97071127511505,-16.793875025898451],[-64.967823045299312,-16.799409959014088],[-64.960486670419925,-16.806335327910787],[-64.953798646775439,-16.810650382298522],[-64.927814061792859,-16.823096792935434],[-64.902615009205448,-16.834661815301487],[-64.890870993254296,-16.837969248292506],[-64.876813306854174,-16.839455893218972],[-64.853128298673951,-16.836960331210658],[-64.83785146023915,-16.836212148372631],[-64.826182205172884,-16.838236267745504],[-64.815350674317557,-16.842863944092176],[-64.804249091155867,-16.851131332599685],[-64.795651582213722,-16.862514938004079],[-64.790233439664533,-16.87352173612749],[-64.78567242814492,-16.887484349284968],[-64.780135987281611,-16.91024120560294],[-64.777586177568153,-16.91901908734161],[-64.770089316372818,-16.933343306286545],[-64.759001515026782,-16.943782646714428],[-64.74663366854729,-16.948326995489079],[-64.732807798027451,-16.952207742216057],[-64.722618586341284,-16.955660936734279],[-64.712366432445805,-16.961763051741052],[-64.699751112315298,-16.974621007875434],[-64.691912898635891,-16.988812224060169],[-64.687845181293326,-17.00123775776121],[-64.686799599228223,-17.019386693447583],[-64.689799359232012,-17.030256694647875],[-64.693177043978096,-17.036432613783486],[-64.700275188274901,-17.044424741798917],[-64.70989475974558,-17.049809370335904],[-64.719748947808156,-17.052793718593225],[-64.732019079659949,-17.054335153490644],[-64.75138806597856,-17.053788676751104],[-64.762772153104351,-17.051819218358172],[-64.77024867175281,-17.049906624596179],[-64.78545418674922,-17.043818142505732],[-64.797212898853147,-17.04095032563902],[-64.807964994511252,-17.042616638135868],[-64.834892655986749,-17.055656454702923],[-64.844298385934223,-17.058498308045198],[-64.855316479718297,-17.060120741216192],[-64.855781267672867,-17.060577313591118]],[[-65.423077110568428,-16.841422504238075],[-65.442208634903906,-16.840741556652141],[-65.453337156976914,-16.838275884626569],[-65.467921760739515,-16.832900866548666],[-65.480731412490954,-16.825439040369687],[-65.490333658100681,-16.816651724317492],[-65.498878738546708,-16.806274170515955],[-65.508811628738144,-16.791986619998212],[-65.51278199841191,-16.782329177457164],[-65.513058093453125,-16.772461668954033],[-65.509425409803313,-16.761875045521446],[-65.503095235367454,-16.74754420514185],[-65.502488683484174,-16.736359797575592],[-65.504477229385515,-16.730031975295937],[-65.508343588834165,-16.724816032814797],[-65.513609837218965,-16.722048199386418],[-65.524257853517625,-16.717394608685531],[-65.540296690535172,-16.707132860000119],[-65.54748749572596,-16.700545436152488],[-65.552372983968937,-16.693511956599295],[-65.554596695211103,-16.687136774482806],[-65.556338006412517,-16.672838177175521],[-65.554754744311978,-16.653389347369426],[-65.552643041421106,-16.643420065635162],[-65.548134556954622,-16.634506680112018],[-65.542050493177996,-16.626719326181409],[-65.529221279248461,-16.615677210140813],[-65.516354285077171,-16.60736847631668],[-65.501664477518304,-16.598937625853747],[-65.481749000271648,-16.58845347897114],[-65.471030734027948,-16.584973479541713],[-65.459154654270137,-16.583123931071324],[-65.445815847987788,-16.585477776926489],[-65.432820995933767,-16.591579155248407],[-65.423286406967094,-16.598991054403772],[-65.418229393680704,-16.603619873333546],[-65.405467877794237,-16.617881880806159],[-65.396339385632515,-16.629648569198405],[-65.387757167884658,-16.643531591659091],[-65.38227965884937,-16.656036410559178],[-65.378530721314533,-16.666754350247039],[-65.375775037072472,-16.680250028054662],[-65.373722658500242,-16.698549249313402],[-65.37116787571145,-16.727924539325432],[-65.365344828342032,-16.760238212539811],[-65.364829676861063,-16.77815114795888],[-65.367379335554489,-16.78794266318657],[-65.373149967316294,-16.799365011940274],[-65.385589117664651,-16.815933438197877],[-65.394533047470205,-16.826619399034879],[-65.404389313761271,-16.83415498408721],[-65.411695459800157,-16.837769154785402],[-65.422620112612279,-16.840959051944722],[-65.423077110568428,-16.841422504238075]]]]},"properties":{"FID":1,"Id":2,"gridcode":2,"CLASE":"Media"}},{"type":"Feature","id":2,"geometry":{"type":"MultiPolygon","coordinates":[[[[-64.583985841196935,-17.246322267514614],[-64.58352115111586,-17.245865059300744],[-64.56065624854547,-17.241761180042516],[-64.546944885276773,-17.238496922171279],[-64.535884314017451,-17.234284201985165],[-64.510946355160627,-17.222176145154162],[-64.498206288495737,-17.217456669016766],[-64.483935780622829,-17.213702048039426],[-64.461236152678282,-17.209238143267356],[-64.439161673964122,-17.207190093876491],[-64.429329654817764,-17.204842636933311],[-64.411844619939259,-17.189343166531625],[-64.388322791182048,-17.177739608800874],[-64.369429894355093,-17.167949364804901],[-64.350463798834866,-17.161839594406384],[-64.331498824966545,-17.15572795108865],[-64.320187786054063,-17.150948549142292],[-64.313523175098709,-17.146668309833995],[-64.30304761825559,-17.136325591287811],[-64.29376863763045,-17.12291362511689],[-64.289667887080981,-17.113107287856227],[-64.28804888439015,-17.105403683858963],[-64.288164421756989,-17.097347255880191],[-64.29115315642521,-17.090124445522534],[-64.297773240773395,-17.082129086596826],[-64.308182181500655,-17.074925960725725],[-64.320625539334131,-17.070387044478711],[-64.337509910666967,-17.066310649585148],[-64.353489535647029,-17.064950808070193],[-64.364702713378506,-17.065095692840121],[-64.378654788228289,-17.066715304950414],[-64.389751694783783,-17.069370209350467],[-64.399026325241209,-17.072914527937225],[-64.412277647955321,-17.081942197738105],[-64.423419248678869,-17.095257403993731],[-64.427765928504172,-17.100358965663013],[-64.431222634855189,-17.103506166313636],[-64.437922089810868,-17.107662636689213],[-64.449115566773045,-17.108612749282557],[-64.458513334678727,-17.106691319766618],[-64.47207864886613,-17.100930274465934],[-64.494778328508829,-17.08947320795269],[-64.50336684359624,-17.086141760390138],[-64.511083022001927,-17.083669855476849],[-64.52242409123734,-17.081452446116334],[-64.54574777485675,-17.081733777962228],[-64.554718900425357,-17.083872076742153],[-64.565597536359107,-17.088018560377655],[-64.57561434272634,-17.094436015710574],[-64.591917567198934,-17.108624333109681],[-64.600846553258904,-17.114880818012196],[-64.607939318085315,-17.116484081709977],[-64.610968324763519,-17.116400428527189],[-64.62218215998486,-17.11260914612421],[-64.638657226715651,-17.102819270654606],[-64.646488082131839,-17.099775266542874],[-64.654909341635019,-17.097728182433901],[-64.670824399739487,-17.097909936261861],[-64.684770479361177,-17.101666370814009],[-64.699986652635161,-17.109044127331856],[-64.711459492474333,-17.118579204351487],[-64.718929685812384,-17.129327166069785],[-64.722007050388427,-17.138177965149104],[-64.72182078303878,-17.153691025750906],[-64.718749392748506,-17.162573855764826],[-64.71210636560545,-17.175244134941718],[-64.701772959046522,-17.190179078156142],[-64.68795404145672,-17.204874575871202],[-64.674664776045219,-17.214936714894687],[-64.644635826426608,-17.235082274253244],[-64.633614762575974,-17.240331756927436],[-64.621766726214616,-17.2441324065319],[-64.612628738829912,-17.24563746425796],[-64.583985841196935,-17.246322267514614]]],[[[-64.855781267672867,-17.060577313591118],[-64.855316479718297,-17.060120741216192],[-64.844298385934223,-17.058498308045198],[-64.834892655986749,-17.055656454702923],[-64.807964994511252,-17.042616638135868],[-64.797212898853147,-17.04095032563902],[-64.78545418674922,-17.043818142505732],[-64.77024867175281,-17.049906624596179],[-64.762772153104351,-17.051819218358172],[-64.75138806597856,-17.053788676751104],[-64.732019079659949,-17.054335153490644],[-64.719748947808156,-17.052793718593225],[-64.70989475974558,-17.049809370335904],[-64.700275188274901,-17.044424741798917],[-64.693177043978096,-17.036432613783486],[-64.689799359232012,-17.030256694647875],[-64.686799599228223,-17.019386693447583],[-64.687845181293326,-17.00123775776121],[-64.691912898635891,-16.988812224060169],[-64.699751112315298,-16.974621007875434],[-64.712366432445805,-16.961763051741052],[-64.722618586341284,-16.955660936734279],[-64.732807798027451,-16.952207742216057],[-64.74663366854729,-16.948326995489079],[-64.759001515026782,-16.943782646714428],[-64.770089316372818,-16.933343306286545],[-64.777586177568153,-16.91901908734161],[-64.780135987281611,-16.91024120560294],[-64.78567242814492,-16.887484349284968],[-64.790233439664533,-16.87352173612749],[-64.795651582213722,-16.862514938004079],[-64.804249091155867,-16.851131332599685],[-64.815350674317557,-16.842863944092176],[-64.826182205172884,-16.838236267745504],[-64.83785146023915,-16.836212148372631],[-64.853128298673951,-16.836960331210658],[-64.876813306854174,-16.839455893218972],[-64.890870993254296,-16.837969248292506],[-64.902615009205448,-16.834661815301487],[-64.927814061792859,-16.823096792935434],[-64.953798646775439,-16.810650382298522],[-64.960486670419925,-16.806335327910787],[-64.967823045299312,-16.799409959014088],[-64.97071127511505,-16.793875025898451],[-64.973990946495661,-16.784336300476369],[-64.979532802292098,-16.759893393619684],[-64.983637235563208,-16.750313139113995],[-64.989826231045342,-16.741016491701],[-64.999777884464578,-16.732409022505383],[-65.01173849630986,-16.72632393445226],[-65.02307480091018,-16.72340605880968],[-65.033909024494008,-16.7230865733172],[-65.045950396918784,-16.724853606279233],[-65.056397215546554,-16.72900492231636],[-65.063822049869046,-16.73359043538148],[-65.078023870136732,-16.746466457283731],[-65.084954823192021,-16.756099057043123],[-65.098773590715879,-16.777996734859272],[-65.104746659154657,-16.785589291179555],[-65.116237431218863,-16.795119457058941],[-65.131356436881717,-16.80175481336941],[-65.148671188955902,-16.808454345713756],[-65.163965999810102,-16.817380968324819],[-65.177643427378172,-16.829762231312987],[-65.186083401424042,-16.84147291721181],[-65.191910150991063,-16.85729176527575],[-65.1942257739871,-16.871448871831632],[-65.196509824794759,-16.898565498367351],[-65.200038462113866,-16.911853602558519],[-65.205501666084984,-16.922391646131864],[-65.209726357995876,-16.927404368030182],[-65.225327228752136,-16.944423302998231],[-65.231475074692398,-16.953935490693578],[-65.237328426652084,-16.966559334888377],[-65.240344854420385,-16.977371632758903],[-65.240691245403752,-16.987838732311399],[-65.237213379764725,-16.998567329079037],[-65.230499709784283,-17.007492652257184],[-65.221229531361558,-17.013041066864808],[-65.213752470061934,-17.014971920430629],[-65.20202514105101,-17.013898067942787],[-65.191256400860155,-17.009945295080463],[-65.181949331499311,-17.004763825790878],[-65.174776180867553,-16.999765311730474],[-65.167860484828864,-16.993512302137191],[-65.161107332808228,-16.98564166989695],[-65.157054143631086,-16.978270878427168],[-65.154922728300448,-16.972486682757282],[-65.15385300977799,-16.965944853503807],[-65.152415489426375,-16.953239286208127],[-65.149984120550684,-16.946288056353797],[-65.144259137262182,-16.937232573179941],[-65.133402038154188,-16.928651794778325],[-65.114791450563771,-16.916788570146231],[-65.1031099322866,-16.910471629984624],[-65.093319201859416,-16.910379736359349],[-65.088839226456415,-16.91619050300578],[-65.086805939615573,-16.928448677533002],[-65.089602443226212,-16.947614499152383],[-65.092453457905734,-16.958371175847134],[-65.097611673491343,-16.974863110215818],[-65.098065004506012,-16.98888288177881],[-65.095277479639194,-17.000420647779098],[-65.0915971108072,-17.009687555739337],[-65.086028850376366,-17.018935860771908],[-65.077272558870916,-17.026162048277591],[-65.067012957075704,-17.029132066016704],[-65.059809293536119,-17.029346797894451],[-65.038554163554664,-17.02766302457578],[-65.013073569116742,-17.029091299511958],[-64.998329494877595,-17.031549994358311],[-64.988377469820634,-17.033987515453919],[-64.979978035488756,-17.036355407597934],[-64.950639856621791,-17.045730549412397],[-64.942862953171883,-17.047727490707182],[-64.918144131904498,-17.053193925484081],[-64.901090707633614,-17.057569348314942],[-64.883870058892555,-17.059850002465289],[-64.882555335916194,-17.059888010298035],[-64.855781267672867,-17.060577313591118]]],[[[-65.423077110568428,-16.841422504238075],[-65.422620112612279,-16.840959051944722],[-65.411695459800157,-16.837769154785402],[-65.404389313761271,-16.83415498408721],[-65.394533047470205,-16.826619399034879],[-65.385589117664651,-16.815933438197877],[-65.373149967316294,-16.799365011940274],[-65.367379335554489,-16.78794266318657],[-65.364829676861063,-16.77815114795888],[-65.365344828342032,-16.760238212539811],[-65.37116787571145,-16.727924539325432],[-65.373722658500242,-16.698549249313402],[-65.375775037072472,-16.680250028054662],[-65.378530721314533,-16.666754350247039],[-65.38227965884937,-16.656036410559178],[-65.387757167884658,-16.643531591659091],[-65.396339385632515,-16.629648569198405],[-65.405467877794237,-16.617881880806159],[-65.418229393680704,-16.603619873333546],[-65.423286406967094,-16.598991054403772],[-65.432820995933767,-16.591579155248407],[-65.445815847987788,-16.585477776926489],[-65.459154654270137,-16.583123931071324],[-65.471030734027948,-16.584973479541713],[-65.481749000271648,-16.58845347897114],[-65.501664477518304,-16.598937625853747],[-65.516354285077171,-16.60736847631668],[-65.529221279248461,-16.615677210140813],[-65.542050493177996,-16.626719326181409],[-65.548134556954622,-16.634506680112018],[-65.552643041421106,-16.643420065635162],[-65.554754744311978,-16.653389347369426],[-65.556338006412517,-16.672838177175521],[-65.554596695211103,-16.687136774482806],[-65.552372983968937,-16.693511956599295],[-65.54748749572596,-16.700545436152488],[-65.540296690535172,-16.707132860000119],[-65.524257853517625,-16.717394608685531],[-65.513609837218965,-16.722048199386418],[-65.508343588834165,-16.724816032814797],[-65.504477229385515,-16.730031975295937],[-65.502488683484174,-16.736359797575592],[-65.503095235367454,-16.74754420514185],[-65.509425409803313,-16.761875045521446],[-65.513058093453125,-16.772461668954033],[-65.51278199841191,-16.782329177457164],[-65.508811628738144,-16.791986619998212],[-65.498878738546708,-16.806274170515955],[-65.490333658100681,-16.816651724317492],[-65.480731412490954,-16.825439040369687],[-65.467921760739515,-16.832900866548666],[-65.453337156976914,-16.838275884626569],[-65.442208634903906,-16.840741556652141],[-65.423077110568428,-16.841422504238075]]]]},"properties":{"FID":2,"Id":3,"gridcode":3,"CLASE":"Alta"}}]}